有價證券代號,有價證券名稱,國際證券辨識號碼(ISIN Code),上市日,市場別,產業別,CFICode,備註
1460,宏遠,TW0001460004,1995/4/28,上市,紡織纖維,ESVUFR,
1463,強盛新,TW0001463008,1996/12/5,上市,紡織纖維,ESVUFR,
1464,得力,TW0001464006,1997/1/18,上市,紡織纖維,ESVUFR,
1465,偉全,TW0001465003,1997/9/8,上市,紡織纖維,ESVUFR,
1466,聚隆,TW0001466001,1998/4/4,上市,紡織纖維,ESVUFR,
1467,南緯,TW0001467009,1998/12/21,上市,紡織纖維,ESVUFR,
1468,昶和,TW0001468007,1999/1/21,上市,紡織纖維,ESVUFR,
1470,大統新創,TW0001470003,1999/5/21,上市,紡織纖維,ESVUFR,
1471,首利,TW0001471001,2000/3/6,上市,電子零組件業,ESVUFR,
1472,三洋實業,TW0001472009,2000/9/11,上市,建材營造業,ESVUFR,
1473,台南,TW0001473007,2000/9/11,上市,紡織纖維,ESVUFR,
1474,弘裕,TW0001474005,2000/10/31,上市,紡織纖維,ESVUFR,
1475,業旺,TW0001475002,2000/10/27,上市,紡織纖維,ESVUFR,
1476,儒鴻,TW0001476000,2001/4/18,上市,紡織纖維,ESVUFR,
1477,聚陽,TW0001477008,2003/1/21,上市,紡織纖維,ESVUFR,
1503,士電,TW0001503001,1969/12/15,上市,電機機械,ESVUFR,
1504,東元,TW0001504009,1973/11/5,上市,電機機械,ESVUFR,
1506,正道,TW0001506004,1980/8/11,上市,電機機械,ESVUFR,
1512,瑞利,TW0001512002,1994/1/28,上市,汽車工業,ESVUFR,
1513,中興電,TW0001513000,1994/3/8,上市,電機機械,ESVUFR,
1514,亞力,TW0001514008,1994/3/26,上市,電機機械,ESVUFR,
1515,力山,TW0001515005,1995/2/4,上市,電機機械,ESVUFR,
1516,川飛,TW0001516003,1995/4/1,上市,其他業,ESVUFR,
1517,利奇,TW0001517001,1995/11/14,上市,電機機械,ESVUFR,
1519,華城,TW0001519007,1997/4/16,上市,電機機械,ESVUFR,
1521,大億,TW0001521003,1997/10/6,上市,汽車工業,ESVUFR,
1522,堤維西,TW0001522001,1997/10/6,上市,汽車工業,ESVUFR,
1524,耿鼎,TW0001524007,1998/10/30,上市,汽車工業,ESVUFR,
1525,江申,TW0001525004,1999/5/15,上市,汽車工業,ESVUFR,
1526,日馳,TW0001526002,2000/3/27,上市,電機機械,ESVUFR,
1527,鑽全,TW0001527000,2000/6/21,上市,電機機械,ESVUFR,
1528,恩德,TW0001528008,2000/9/11,上市,電機機械,ESVUFR,
1529,樂事綠能,TW0001529006,2000/9/11,上市,電機機械,ESVUFR,
1530,亞崴,TW0001530004,2000/9/11,上市,電機機械,ESVUFR,
1531,高林股,TW0001531002,2000/9/11,上市,電機機械,ESVUFR,
1532,勤美,TW0001532000,2000/9/11,上市,電機機械,ESVUFR,
1533,車王電,TW0001533008,2001/4/6,上市,汽車工業,ESVUFR,
1535,中宇,TW0001535003,2001/9/17,上市,電機機械,ESVUFR,
1536,和大,TW0001536001,2001/9/17,上市,汽車工業,ESVUFR,
1537,廣隆,TW0001537009,2002/1/22,上市,電機機械,ESVUFR,
1538,正峰,TW0001538007,2002/8/26,上市,電機機械,ESVUFR,
1539,巨庭,TW0001539005,2002/10/29,上市,電機機械,ESVUFR,
1540,喬福,TW0001540003,2002/8/26,上市,電機機械,ESVUFR,
1541,錩泰,TW0001541001,2003/3/19,上市,電機機械,ESVUFR,
1558,伸興,TW0001558005,2014/12/23,上市,電機機械,ESVUFR,
1560,中砂,TW0001560001,2005/1/31,上市,電機機械,ESVUFR,
1563,巧新,TW0001563005,2024/5/13,上市,汽車工業,ESVUFR,
1568,倉佑,TW0001568004,2014/5/14,上市,汽車工業,ESVUFR,
1582,信錦,TW0001582005,2009/12/17,上市,電子零組件業,ESVUFR,
1583,程泰,TW0001583003,2008/1/24,上市,電機機械,ESVUFR,
1587,吉茂,TW0001587004,2018/4/16,上市,汽車工業,ESVUFR,
1589,永冠-KY,KYG984291065,2012/4/27,上市,電機機械,ESVUFR,
1590,亞德客-KY,KYG014081064,2010/12/13,上市,電機機械,ESVUFR,
1597,直得,TW0001597003,2020/12/23,上市,電機機械,ESVUFR,
1598,岱宇,TW0001598001,2016/9/20,上市,運動休閒,ESVUFR,
1603,華電,TW0001603009,1968/6/3,上市,電器電纜,ESVUFR,
1604,聲寶,TW0001604007,1970/12/14,上市,電器電纜,ESVUFR,
1605,華新,TW0001605004,1972/11/3,上市,電器電纜,ESVUFR,
1608,華榮,TW0001608008,1988/7/11,上市,電器電纜,ESVUFR,
1609,大亞,TW0001609006,1988/12/12,上市,電器電纜,ESVUFR,
1611,中電,TW0001611002,1990/1/16,上市,電器電纜,ESVUFR,
1612,宏泰,TW0001612000,1993/5/8,上市,電器電纜,ESVUFR,
1614,三洋電,TW0001614006,1997/9/18,上市,電器電纜,ESVUFR,
1615,大山,TW0001615003,2000/3/30,上市,電器電纜,ESVUFR,
1616,億泰,TW0001616001,2000/9/11,上市,電器電纜,ESVUFR,
1617,榮星,TW0001617009,2000/9/11,上市,電器電纜,ESVUFR,
1618,合機,TW0001618007,2000/9/11,上市,電器電纜,ESVUFR,
1626,艾美特-KY,KYG0135T1076,2013/3/21,上市,電器電纜,ESVUFR,
1702,南僑,TW0001702009,1973/5/30,上市,食品工業,ESVUFR,
1707,葡萄王,TW0001707008,1982/12/20,上市,生技醫療業,ESVUFR,
1708,東鹼,TW0001708006,1986/6/16,上市,化學工業,ESVUFR,
1709,和益,TW0001709004,1986/7/3,上市,化學工業,ESVUFR,
1710,東聯,TW0001710002,1987/10/21,上市,化學工業,ESVUFR,
1711,永光,TW0001711000,1988/12/27,上市,化學工業,ESVUFR,
1712,興農,TW0001712008,1989/12/14,上市,化學工業,ESVUFR,
1713,國化,TW0001713006,1990/1/31,上市,化學工業,ESVUFR,
1714,和桐,TW0001714004,1991/8/30,上市,化學工業,ESVUFR,
1717,長興,TW0001717007,1994/3/31,上市,化學工業,ESVUFR,
1718,中纖,TW0001718005,1963/12/2,上市,化學工業,ESVUFR,
1720,生達,TW0001720001,1995/12/12,上市,生技醫療業,ESVUFR,
1721,三晃,TW0001721009,1996/5/16,上市,化學工業,ESVUFR,
1722,台肥,TW0001722007,1998/3/24,上市,化學工業,ESVUFR,
1723,中碳,TW0001723005,1998/11/27,上市,化學工業,ESVUFR,
1725,元禎,TW0001725000,2000/9/11,上市,化學工業,ESVUFR,
1726,永記,TW0001726008,2000/9/11,上市,化學工業,ESVUFR,
1727,中華化,TW0001727006,2000/9/11,上市,化學工業,ESVUFR,
1730,花仙子,TW0001730000,2001/9/17,上市,化學工業,ESVUFR,
1731,美吾華,TW0001731008,2001/9/17,上市,生技醫療業,ESVUFR,
1732,毛寶,TW0001732006,2001/9/17,上市,化學工業,ESVUFR,
1733,五鼎,TW0001733004,2001/9/17,上市,生技醫療業,ESVUFR,
1734,杏輝,TW0001734002,2002/8/26,上市,生技醫療業,ESVUFR,
1735,日勝化,TW0001735009,2002/8/26,上市,化學工業,ESVUFR,
1736,喬山,TW0001736007,2003/1/9,上市,運動休閒,ESVUFR,
1737,臺鹽,TW0001737005,2003/11/18,上市,食品工業,ESVUFR,
1752,南光,TW0001752004,2022/1/19,上市,生技醫療業,ESVUFR,
1760,寶齡富錦,TW0001760007,2018/1/23,上市,生技醫療業,ESVUFR,
1762,中化生,TW0001762003,2010/12/20,上市,生技醫療業,ESVUFR,
1773,勝一,TW0001773000,2009/2/27,上市,化學工業,ESVUFR,
1776,展宇,TW0001776003,2016/5/9,上市,化學工業,ESVUFR,
1783,和康生,TW0001783009,2013/12/20,上市,生技醫療業,ESVUFR,
1786,科妍,TW0001786002,2013/11/12,上市,生技醫療業,ESVUFR,
1789,神隆,TW0001789006,2011/9/29,上市,生技醫療業,ESVUFR,
1795,美時,TW0001795003,2019/12/16,上市,生技醫療業,ESVUFR,
1802,台玻,TW0001802007,1973/7/20,上市,玻璃陶瓷,ESVUFR,
1805,寶徠,TW0001805000,1989/10/20,上市,建材營造業,ESVUFR,
1806,冠軍,TW0001806008,1992/9/29,上市,玻璃陶瓷,ESVUFR,
1808,潤隆,TW0001808004,1994/10/26,上市,建材營造業,ESVUFR,
1809,中釉,TW0001809002,1996/4/30,上市,玻璃陶瓷,ESVUFR,
1810,和成,TW0001810000,1991/10/14,上市,玻璃陶瓷,ESVUFR,
1817,凱撒衛,TW0001817005,2013/10/24,上市,玻璃陶瓷,ESVUFR,
1903,士紙,TW0001903003,1963/12/9,上市,造紙工業,ESVUFR,
1904,正隆,TW0001904001,1971/9/10,上市,造紙工業,ESVUFR,
1905,華紙,TW0001905008,1975/2/7,上市,造紙工業,ESVUFR,
1906,寶隆,TW0001906006,1976/4/26,上市,造紙工業,ESVUFR,
1907,永豐餘,TW0001907004,1977/2/22,上市,造紙工業,ESVUFR,
1909,榮成,TW0001909000,1985/11/19,上市,造紙工業,ESVUFR,
2002,中鋼,TW0002002003,1974/12/26,上市,鋼鐵工業,ESVUFR,
2006,東和鋼鐵,TW0002006004,1988/7/13,上市,鋼鐵工業,ESVUFR,
2007,燁興,TW0002007002,1988/10/4,上市,鋼鐵工業,ESVUFR,
2008,高興昌,TW0002008000,1988/12/28,上市,鋼鐵工業,ESVUFR,
2009,第一銅,TW0002009008,1989/10/20,上市,鋼鐵工業,ESVUFR,
2010,春源,TW0002010006,1989/12/22,上市,鋼鐵工業,ESVUFR,
2012,春雨,TW0002012002,1991/10/17,上市,鋼鐵工業,ESVUFR,
2013,中鋼構,TW0002013000,1992/1/21,上市,鋼鐵工業,ESVUFR,
2014,中鴻,TW0002014008,1992/2/20,上市,鋼鐵工業,ESVUFR,
2015,豐興,TW0002015005,1992/5/25,上市,鋼鐵工業,ESVUFR,
2017,官田鋼,TW0002017001,1992/11/2,上市,鋼鐵工業,ESVUFR,
2020,美亞,TW0002020005,1993/4/27,上市,鋼鐵工業,ESVUFR,
2022,聚亨,TW0002022001,1995/3/27,上市,鋼鐵工業,ESVUFR,
2023,燁輝,TW0002023009,1995/7/28,上市,鋼鐵工業,ESVUFR,
2024,志聯,TW0002024007,1995/12/30,上市,鋼鐵工業,ESVUFR,
2025,千興,TW0002025004,1996/2/8,上市,鋼鐵工業,ESVUFR,
2027,大成鋼,TW0002027000,1996/10/24,上市,鋼鐵工業,ESVUFR,
2028,威致,TW0002028008,1996/12/13,上市,鋼鐵工業,ESVUFR,
2029,盛餘,TW0002029006,1997/1/11,上市,鋼鐵工業,ESVUFR,
2030,彰源,TW0002030004,1998/12/24,上市,鋼鐵工業,ESVUFR,
2031,新光鋼,TW0002031002,2000/9/11,上市,鋼鐵工業,ESVUFR,
2032,新鋼,TW0002032000,2000/9/11,上市,鋼鐵工業,ESVUFR,
2033,佳大,TW0002033008,2000/9/11,上市,鋼鐵工業,ESVUFR,
2034,允強,TW0002034006,2001/9/17,上市,鋼鐵工業,ESVUFR,
2038,海光,TW0002038007,2008/12/30,上市,鋼鐵工業,ESVUFR,
2049,上銀,TW0002049004,2009/6/26,上市,電機機械,ESVUFR,
2059,川湖,TW0002059003,2008/6/25,上市,電子零組件業,ESVUFR,
2062,橋椿,TW0002062007,2007/11/16,上市,居家生活,ESVUFR,
2069,運錩,TW0002069002,2016/3/22,上市,鋼鐵工業,ESVUFR,
2101,南港,TW0002101003,1963/11/1,上市,橡膠工業,ESVUFR,
2102,泰豐,TW0002102001,1979/7/16,上市,橡膠工業,ESVUFR,
2103,台橡,TW0002103009,1982/9/25,上市,橡膠工業,ESVUFR,
2104,國際中橡,TW0002104007,1986/7/15,上市,橡膠工業,ESVUFR,
2105,正新,TW0002105004,1987/12/7,上市,橡膠工業,ESVUFR,
2106,建大,TW0002106002,1990/12/20,上市,橡膠工業,ESVUFR,
2107,厚生,TW0002107000,1992/3/3,上市,橡膠工業,ESVUFR,
2108,南帝,TW0002108008,1992/10/27,上市,橡膠工業,ESVUFR,
2109,華豐,TW0002109006,2000/5/8,上市,橡膠工業,ESVUFR,
2114,鑫永銓,TW0002114006,2010/12/29,上市,橡膠工業,ESVUFR,
2115,六暉-KY,KYG5700L1086,2013/12/25,上市,汽車工業,ESVUFR,
2201,裕隆,TW0002201001,1976/7/8,上市,汽車工業,ESVUFR,
2204,中華,TW0002204005,1991/3/12,上市,汽車工業,ESVUFR,
2206,三陽工業,TW0002206000,1996/7/29,上市,汽車工業,ESVUFR,
2207,和泰車,TW0002207008,1997/2/25,上市,汽車工業,ESVUFR,
2208,台船,TW0002208006,2008/12/22,上市,航運業,ESVUFR,
2211,長榮鋼,TW0002211000,2021/4/12,上市,鋼鐵工業,ESVUFR,
2227,裕日車,TW0002227006,2004/12/21,上市,汽車工業,ESVUFR,
2228,劍麟,TW0002228004,2013/11/25,上市,汽車工業,ESVUFR,
2231,為升,TW0002231008,2010/11/19,上市,汽車工業,ESVUFR,
2233,宇隆,TW0002233004,2019/9/17,上市,汽車工業,ESVUFR,
2236,百達-KY,KYG693691092,2015/6/3,上市,汽車工業,ESVUFR,
2239,英利-KY,KYG1991F1081,2016/1/27,上市,汽車工業,ESVUFR,
2241,艾姆勒,TW0002241007,2020/8/26,上市,汽車工業,ESVUFR,
2243,宏旭-KY,KYG460651014,2017/9/27,上市,汽車工業,ESVUFR,
2247,汎德永業,TW0002247004,2020/10/12,上市,汽車工業,ESVUFR,
2248,華勝-KY,KYG8T24R1076,2025/3/13,上市,汽車工業,ESVUFR,
2250,IKKA-KY,KYG4R56R1099,2021/5/31,上市,汽車工業,ESVUFR,
2301,光寶科,TW0002301009,1995/11/17,上市,電腦及週邊設備業,ESVUFR,
2302,麗正,TW0002302007,1985/1/15,上市,半導體業,ESVUFR,
2303,聯電,TW0002303005,1985/7/16,上市,半導體業,ESVUFR,
2305,全友,TW0002305000,1988/10/21,上市,電腦及週邊設備業,ESVUFR,
2308,台達電,TW0002308004,1988/12/19,上市,電子零組件業,ESVUFR,
2312,金寶,TW0002312006,1989/11/7,上市,其他電子業,ESVUFR,
2313,華通,TW0002313004,1990/7/24,上市,電子零組件業,ESVUFR,
2314,台揚,TW0002314002,1990/8/8,上市,通信網路業,ESVUFR,
2316,楠梓電,TW0002316007,1991/2/5,上市,電子零組件業,ESVUFR,
2317,鴻海,TW0002317005,1991/6/18,上市,其他電子業,ESVUFR,
2321,東訊,TW0002321007,1991/11/8,上市,通信網路業,ESVUFR,
2323,中環,TW0002323003,1992/2/17,上市,光電業,ESVUFR,
2324,仁寶,TW0002324001,1992/2/18,上市,電腦及週邊設備業,ESVUFR,
2327,國巨*,TW0002327004,1993/10/22,上市,電子零組件業,ESVUFR,
2328,廣宇,TW0002328002,1993/11/9,上市,電子零組件業,ESVUFR,
2329,華泰,TW0002329000,1994/4/20,上市,半導體業,ESVUFR,
2330,台積電,TW0002330008,1994/9/5,上市,半導體業,ESVUFR,
2331,精英,TW0002331006,1994/9/21,上市,電腦及週邊設備業,ESVUFR,
2332,友訊,TW0002332004,1994/10/17,上市,通信網路業,ESVUFR,
2337,旺宏,TW0002337003,1995/3/15,上市,半導體業,ESVUFR,
2338,光罩,TW0002338001,1995/4/17,上市,半導體業,ESVUFR,
2340,台亞,TW0002340007,1995/5/2,上市,半導體業,ESVUFR,
2342,茂矽,TW0002342003,1995/9/19,上市,半導體業,ESVUFR,
2344,華邦電,TW0002344009,1995/10/18,上市,半導體業,ESVUFR,
2345,智邦,TW0002345006,1995/11/15,上市,通信網路業,ESVUFR,
2347,聯強,TW0002347002,1995/12/13,上市,電子通路業,ESVUFR,
2348,海悅,TW0002348000,1996/1/5,上市,其他業,ESVUFR,
2349,錸德,TW0002349008,1996/4/23,上市,光電業,ESVUFR,
2351,順德,TW0002351004,1996/4/25,上市,半導體業,ESVUFR,
2352,佳世達,TW0002352002,1996/7/22,上市,電腦及週邊設備業,ESVUFR,
2353,宏,TW0002353000,1996/9/18,上市,電腦及週邊設備業,ESVUFR,
2354,鴻準,TW0002354008,1996/10/8,上市,其他電子業,ESVUFR,
2355,敬鵬,TW0002355005,1996/10/14,上市,電子零組件業,ESVUFR,
2356,英業達,TW0002356003,1996/11/13,上市,電腦及週邊設備業,ESVUFR,
2357,華碩,TW0002357001,1996/11/14,上市,電腦及週邊設備業,ESVUFR,
2359,所羅門,TW0002359007,1996/12/19,上市,其他電子業,ESVUFR,
2360,致茂,TW0002360005,1996/12/21,上市,其他電子業,ESVUFR,
2362,藍天,TW0002362001,1997/4/2,上市,電腦及週邊設備業,ESVUFR,
2363,矽統,TW0002363009,1997/8/1,上市,半導體業,ESVUFR,
2364,倫飛,TW0002364007,1997/8/11,上市,電腦及週邊設備業,ESVUFR,
2365,昆盈,TW0002365004,1997/11/3,上市,電腦及週邊設備業,ESVUFR,
2367,燿華,TW0002367000,1997/12/13,上市,電子零組件業,ESVUFR,
2368,金像電,TW0002368008,1998/3/9,上市,電子零組件業,ESVUFR,
2369,菱生,TW0002369006,1998/4/10,上市,半導體業,ESVUFR,
2371,大同,TW0002371002,1962/2/9,上市,電機機械,ESVUFR,
2373,震旦行,TW0002373008,1991/8/1,上市,其他電子業,ESVUFR,
2374,佳能,TW0002374006,1995/1/16,上市,光電業,ESVUFR,
2375,凱美,TW0002375003,1998/8/29,上市,電子零組件業,ESVUFR,
2376,技嘉,TW0002376001,1998/9/24,上市,電腦及週邊設備業,ESVUFR,
2377,微星,TW0002377009,1998/10/31,上市,電腦及週邊設備業,ESVUFR,
2379,瑞昱,TW0002379005,1998/10/26,上市,半導體業,ESVUFR,
2380,虹光,TW0002380003,1998/12/3,上市,電腦及週邊設備業,ESVUFR,
2382,廣達,TW0002382009,1999/1/8,上市,電腦及週邊設備業,ESVUFR,
2383,台光電,TW0002383007,1998/11/27,上市,電子零組件業,ESVUFR,
2385,群光,TW0002385002,1999/1/5,上市,電子零組件業,ESVUFR,
2387,精元,TW0002387008,1999/1/25,上市,電腦及週邊設備業,ESVUFR,
2388,威盛,TW0002388006,1999/3/5,上市,半導體業,ESVUFR,
2390,云辰,TW0002390002,1999/6/15,上市,其他電子業,ESVUFR,
2392,正崴,TW0002392008,1999/9/20,上市,電子零組件業,ESVUFR,
2393,億光,TW0002393006,1999/11/4,上市,光電業,ESVUFR,
2395,研華,TW0002395001,1999/12/13,上市,電腦及週邊設備業,ESVUFR,
2397,友通,TW0002397007,2000/1/15,上市,電腦及週邊設備業,ESVUFR,
2399,映泰,TW0002399003,1999/12/16,上市,電腦及週邊設備業,ESVUFR,
2401,凌陽,TW0002401007,2000/1/27,上市,半導體業,ESVUFR,
2402,毅嘉,TW0002402005,2000/1/14,上市,電子零組件業,ESVUFR,
2404,漢唐,TW0002404001,2000/3/14,上市,其他電子業,ESVUFR,
2405,輔信,TW0002405008,2000/3/17,上市,電腦及週邊設備業,ESVUFR,
2406,國碩,TW0002406006,2000/4/29,上市,光電業,ESVUFR,
2408,南亞科,TW0002408002,2000/8/17,上市,半導體業,ESVUFR,
2409,友達,TW0002409000,2000/9/8,上市,光電業,ESVUFR,
2412,中華電,TW0002412004,2000/10/27,上市,通信網路業,ESVUFR,
2413,環科,TW0002413002,2000/9/11,上市,電子零組件業,ESVUFR,
2414,精技,TW0002414000,2000/9/11,上市,電子通路業,ESVUFR,
2415,錩新,TW0002415007,2000/9/11,上市,電子零組件業,ESVUFR,
2417,圓剛,TW0002417003,2000/9/11,上市,電腦及週邊設備業,ESVUFR,
2419,仲琦,TW0002419009,2000/9/11,上市,通信網路業,ESVUFR,
2420,新巨,TW0002420007,2000/9/11,上市,電子零組件業,ESVUFR,
2421,建準,TW0002421005,2000/9/11,上市,電子零組件業,ESVUFR,
2423,固緯,TW0002423001,2000/9/11,上市,其他電子業,ESVUFR,
2424,隴華,TW0002424009,2000/9/11,上市,通信網路業,ESVUFR,
2425,承啟,TW0002425006,2000/9/11,上市,電腦及週邊設備業,ESVUFR,
2426,鼎元,TW0002426004,2000/9/11,上市,光電業,ESVUFR,
2427,三商電,TW0002427002,2000/9/11,上市,資訊服務業,ESVUFR,
2428,興勤,TW0002428000,2000/9/11,上市,電子零組件業,ESVUFR,
2429,銘旺科,TW0002429008,2000/9/11,上市,光電業,ESVUFR,
2430,燦坤,TW0002430006,2000/9/11,上市,電子通路業,ESVUFR,
2431,聯昌,TW0002431004,2000/9/11,上市,電子零組件業,ESVUFR,
2433,互盛電,TW0002433000,2000/9/11,上市,其他電子業,ESVUFR,
2434,統懋,TW0002434008,2000/9/11,上市,半導體業,ESVUFR,
2436,偉詮電,TW0002436003,2000/9/11,上市,半導體業,ESVUFR,
2438,翔耀,TW0002438009,2000/9/11,上市,光電業,ESVUFR,
2439,美律,TW0002439007,2000/9/11,上市,通信網路業,ESVUFR,
2440,太空梭,TW0002440005,2000/11/10,上市,電子零組件業,ESVUFR,
2441,超豐,TW0002441003,2000/10/26,上市,半導體業,ESVUFR,
2442,新美齊,TW0002442001,2000/11/22,上市,建材營造業,ESVUFR,
2444,兆勁,TW0002444007,2000/12/8,上市,通信網路業,ESVUFR,
2449,京元電子,TW0002449006,2001/5/9,上市,半導體業,ESVUFR,
2450,神腦,TW0002450004,2001/5/24,上市,通信網路業,ESVUFR,
2451,創見,TW0002451002,2001/5/3,上市,半導體業,ESVUFR,
2453,凌群,TW0002453008,2001/5/22,上市,資訊服務業,ESVUFR,
2454,聯發科,TW0002454006,2001/7/23,上市,半導體業,ESVUFR,
2455,全新,TW0002455003,2002/1/24,上市,通信網路業,ESVUFR,
2457,飛宏,TW0002457009,2001/9/17,上市,電子零組件業,ESVUFR,
2458,義隆,TW0002458007,2001/9/17,上市,半導體業,ESVUFR,
2459,敦吉,TW0002459005,2001/9/17,上市,其他電子業,ESVUFR,
2460,建通,TW0002460003,2001/9/17,上市,電子零組件業,ESVUFR,
2461,光群雷,TW0002461001,2001/9/17,上市,其他電子業,ESVUFR,
2462,良得電,TW0002462009,2001/9/17,上市,電子零組件業,ESVUFR,
2464,盟立,TW0002464005,2001/9/17,上市,其他電子業,ESVUFR,
2465,麗臺,TW0002465002,2001/9/19,上市,電腦及週邊設備業,ESVUFR,
2466,冠西電,TW0002466000,2001/9/17,上市,光電業,ESVUFR,
2467,志聖,TW0002467008,2001/9/17,上市,電子零組件業,ESVUFR,
2468,華經,TW0002468006,2001/9/17,上市,資訊服務業,ESVUFR,
2471,資通,TW0002471000,2001/9/17,上市,資訊服務業,ESVUFR,
2472,立隆電,TW0002472008,2001/9/17,上市,電子零組件業,ESVUFR,
2474,可成,TW0002474004,2001/9/17,上市,其他電子業,ESVUFR,
2476,鉅祥,TW0002476009,2001/9/17,上市,電子零組件業,ESVUFR,
2477,美隆電,TW0002477007,2001/9/17,上市,其他電子業,ESVUFR,
2478,大毅,TW0002478005,2001/9/17,上市,電子零組件業,ESVUFR,
2480,敦陽科,TW0002480001,2001/9/17,上市,資訊服務業,ESVUFR,
2481,強茂,TW0002481009,2001/9/17,上市,半導體業,ESVUFR,
2482,連宇,TW0002482007,2001/9/17,上市,其他電子業,ESVUFR,
2483,百容,TW0002483005,2001/9/17,上市,電子零組件業,ESVUFR,
2484,希華,TW0002484003,2001/9/17,上市,電子零組件業,ESVUFR,
2485,兆赫,TW0002485000,2001/9/17,上市,通信網路業,ESVUFR,
2486,一詮,TW0002486008,2001/9/19,上市,光電業,ESVUFR,
2488,漢平,TW0002488004,2001/9/17,上市,其他電子業,ESVUFR,
2489,瑞軒,TW0002489002,2001/9/17,上市,光電業,ESVUFR,
2491,吉祥全,TW0002491008,2001/9/17,上市,光電業,ESVUFR,
2492,華新科,TW0002492006,2001/9/17,上市,電子零組件業,ESVUFR,
2493,揚博,TW0002493004,2002/1/23,上市,電子零組件業,ESVUFR,
2495,普安,TW0002495009,2002/3/25,上市,電腦及週邊設備業,ESVUFR,
2496,卓越,TW0002496007,2002/3/8,上市,其他業,ESVUFR,
2497,怡利電,TW0002497005,2002/2/4,上市,汽車工業,ESVUFR,
2498,宏達電,TW0002498003,2002/3/26,上市,通信網路業,ESVUFR,
2501,國建,TW0002501004,1967/10/28,上市,建材營造業,ESVUFR,
2504,國產,TW0002504008,1978/3/14,上市,建材營造業,ESVUFR,
2505,國揚,TW0002505005,1979/11/14,上市,建材營造業,ESVUFR,
2506,太設,TW0002506003,1980/2/2,上市,建材營造業,ESVUFR,
2509,全坤建,TW0002509007,1988/5/20,上市,建材營造業,ESVUFR,
2511,太子,TW0002511003,1991/4/24,上市,建材營造業,ESVUFR,
2514,龍邦,TW0002514007,1992/9/26,上市,其他業,ESVUFR,
2515,中工,TW0002515004,1993/3/2,上市,建材營造業,ESVUFR,
2516,新建,TW0002516002,1993/5/25,上市,建材營造業,ESVUFR,
2520,冠德,TW0002520004,1993/10/27,上市,建材營造業,ESVUFR,
2524,京城,TW0002524006,1994/10/18,上市,建材營造業,ESVUFR,
2527,宏璟,TW0002527009,1995/3/6,上市,建材營造業,ESVUFR,
2528,皇普,TW0002528007,1995/3/10,上市,建材營造業,ESVUFR,
2530,華建,TW0002530003,1995/10/12,上市,建材營造業,ESVUFR,
2534,宏盛,TW0002534005,1996/2/12,上市,建材營造業,ESVUFR,
2535,達欣工,TW0002535002,1996/3/11,上市,建材營造業,ESVUFR,
2536,宏普,TW0002536000,1996/3/14,上市,建材營造業,ESVUFR,
2537,聯上發,TW0002537008,1996/9/6,上市,建材營造業,ESVUFR,
2538,基泰,TW0002538006,1996/11/1,上市,建材營造業,ESVUFR,
2539,櫻花建,TW0002539004,1997/7/16,上市,建材營造業,ESVUFR,
2540,愛山林,TW0002540002,1989/12/26,上市,建材營造業,ESVUFR,
2542,興富發,TW0002542008,1999/5/3,上市,建材營造業,ESVUFR,
2543,皇昌,TW0002543006,1999/10/15,上市,建材營造業,ESVUFR,
2545,皇翔,TW0002545001,2000/9/11,上市,建材營造業,ESVUFR,
2546,根基,TW0002546009,2000/9/11,上市,建材營造業,ESVUFR,
2547,日勝生,TW0002547007,2000/12/22,上市,建材營造業,ESVUFR,
2548,華固,TW0002548005,2002/8/26,上市,建材營造業,ESVUFR,
2597,潤弘,TW0002597002,2010/3/26,上市,建材營造業,ESVUFR,
2601,益航,TW0002601002,1965/11/4,上市,貿易百貨業,ESVUFR,
2603,長榮,TW0002603008,1987/9/21,上市,航運業,ESVUFR,
2605,新興,TW0002605003,1989/12/8,上市,航運業,ESVUFR,
2606,裕民,TW0002606001,1990/12/8,上市,航運業,ESVUFR,
2607,榮運,TW0002607009,1990/12/14,上市,航運業,ESVUFR,
2608,嘉里大榮,TW0002608007,1990/12/20,上市,航運業,ESVUFR,
2609,陽明,TW0002609005,1992/4/20,上市,航運業,ESVUFR,
2610,華航,TW0002610003,1993/2/26,上市,航運業,ESVUFR,
2611,志信,TW0002611001,1993/10/28,上市,航運業,ESVUFR,
2612,中航,TW0002612009,1994/10/20,上市,航運業,ESVUFR,
2613,中櫃,TW0002613007,1995/1/20,上市,航運業,ESVUFR,
2614,東森,TW0002614005,1995/9/23,上市,其他業,ESVUFR,
2615,萬海,TW0002615002,1996/5/16,上市,航運業,ESVUFR,
2616,山隆,TW0002616000,1997/11/8,上市,油電燃氣業,ESVUFR,
2617,台航,TW0002617008,1998/6/24,上市,航運業,ESVUFR,
2618,長榮航,TW0002618006,2001/9/17,上市,航運業,ESVUFR,
2630,亞航,TW0002630001,2018/2/22,上市,航運業,ESVUFR,
2633,台灣高鐵,TW0002633005,2016/10/27,上市,航運業,ESVUFR,
2634,漢翔,TW0002634003,2014/8/25,上市,航運業,ESVUFR,
2636,台驊控股,TW0002636008,2016/12/22,上市,航運業,ESVUFR,
2637,慧洋-KY,KYG9721M1033,2010/12/1,上市,航運業,ESVUFR,
2642,宅配通,TW0002642006,2013/12/12,上市,航運業,ESVUFR,
2645,長榮航太,TW0002645009,2023/3/14,上市,航運業,ESVUFR,
2646,星宇航空,TW0002646007,2024/10/25,上市,航運業,ESVUFR,
2701,萬企,TW0002701000,1965/3/22,上市,觀光餐旅,ESVUFR,
2702,華園,TW0002702008,1965/2/14,上市,觀光餐旅,ESVUFR,
2704,國賓,TW0002704004,1982/11/10,上市,觀光餐旅,ESVUFR,
2705,六福,TW0002705001,1988/12/24,上市,觀光餐旅,ESVUFR,
2706,第一店,TW0002706009,1991/6/25,上市,觀光餐旅,ESVUFR,
2707,晶華,TW0002707007,1998/3/9,上市,觀光餐旅,ESVUFR,
2712,遠雄來,TW0002712007,2013/12/3,上市,觀光餐旅,ESVUFR,
2722,夏都,TW0002722006,2012/3/14,上市,觀光餐旅,ESVUFR,
2723,美食-KY,KYG4002A1004,2010/11/22,上市,觀光餐旅,ESVUFR,
2727,王品,TW0002727005,2012/3/6,上市,觀光餐旅,ESVUFR,
2731,雄獅,TW0002731007,2013/9/24,上市,觀光餐旅,ESVUFR,
2739,寒舍,TW0002739000,2016/5/19,上市,觀光餐旅,ESVUFR,
2748,雲品,TW0002748001,2016/11/23,上市,觀光餐旅,ESVUFR,
2753,八方雲集,TW0002753001,2021/9/9,上市,觀光餐旅,ESVUFR,
2762,世界健身-KY,KYG9823E1089,2024/1/24,上市,運動休閒,ESVUFR,
2801,彰銀,TW0002801008,1962/2/15,上市,金融保險業,ESVUFR,
2812,台中銀,TW0002812005,1984/5/15,上市,金融保險業,ESVUFR,
2816,旺旺保,TW0002816006,1992/5/5,上市,金融保險業,ESVUFR,
2820,華票,TW0002820008,1994/10/26,上市,金融保險業,ESVUFR,
2832,台產,TW0002832003,1997/9/30,上市,金融保險業,ESVUFR,
2834,臺企銀,TW0002834009,1998/1/3,上市,金融保險業,ESVUFR,
2836,高雄銀,TW0002836004,1998/5/18,上市,金融保險業,ESVUFR,
2838,聯邦銀,TW0002838000,1998/6/29,上市,金融保險業,ESVUFR,
2845,遠東銀,TW0002845005,1998/11/27,上市,金融保險業,ESVUFR,
2849,安泰銀,TW0002849007,1999/9/27,上市,金融保險業,ESVUFR,
2850,新產,TW0002850005,2000/5/22,上市,金融保險業,ESVUFR,
2851,中再保,TW0002851003,2000/7/6,上市,金融保險業,ESVUFR,
2852,第一保,TW0002852001,2000/11/28,上市,金融保險業,ESVUFR,
2855,統一證,TW0002855004,2002/9/16,上市,金融保險業,ESVUFR,
2867,三商壽,TW0002867009,2012/12/18,上市,金融保險業,ESVUFR,
2880,華南金,TW0002880002,2001/12/19,上市,金融保險業,ESVUFR,
2881,富邦金,TW0002881000,2001/12/19,上市,金融保險業,ESVUFR,
2882,國泰金,TW0002882008,2001/12/31,上市,金融保險業,ESVUFR,
2883,凱基金,TW0002883006,2001/12/28,上市,金融保險業,ESVUFR,
2884,玉山金,TW0002884004,2002/1/28,上市,金融保險業,ESVUFR,
2885,元大金,TW0002885001,2002/2/4,上市,金融保險業,ESVUFR,
2886,兆豐金,TW0002886009,2002/2/4,上市,金融保險業,ESVUFR,
2887,台新新光金,TW0002887007,2002/2/18,上市,金融保險業,ESVUFR,
2889,國票金,TW0002889003,2002/3/26,上市,金融保險業,ESVUFR,
2890,永豐金,TW0002890001,2002/5/9,上市,金融保險業,ESVUFR,
2891,中信金,TW0002891009,2002/5/17,上市,金融保險業,ESVUFR,
2892,第一金,TW0002892007,2003/1/2,上市,金融保險業,ESVUFR,
2897,王道銀行,TW0002897006,2017/5/5,上市,金融保險業,ESVUFR,
2901,欣欣,TW0002901006,1976/5/7,上市,貿易百貨業,ESVUFR,
2903,遠百,TW0002903002,1978/10/11,上市,貿易百貨業,ESVUFR,
2904,匯僑,TW0002904000,1983/1/5,上市,其他業,ESVUFR,
2905,三商,TW0002905007,1988/9/19,上市,貿易百貨業,ESVUFR,
2906,高林,TW0002906005,1989/12/26,上市,貿易百貨業,ESVUFR,
2908,特力,TW0002908001,1993/2/18,上市,貿易百貨業,ESVUFR,
2910,統領,TW0002910007,1996/12/30,上市,貿易百貨業,ESVUFR,
2911,麗嬰房,TW0002911005,1997/1/18,上市,貿易百貨業,ESVUFR,
2912,統一超,TW0002912003,1997/8/22,上市,貿易百貨業,ESVUFR,
2913,農林,TW0002913001,1962/2/9,上市,貿易百貨業,ESVUFR,
2915,潤泰全,TW0002915006,1977/7/20,上市,貿易百貨業,ESVUFR,
2923,鼎固-KY,KYG8190L1095,2012/12/7,上市,建材營造業,ESVUFR,
2929,淘帝-KY,KYG8922A1085,2013/12/30,上市,貿易百貨業,ESVUFR,
2939,永邑-KY,KYG108031074,2018/1/11,上市,貿易百貨業,ESVUFR,
2945,三商家購,TW0002945003,2021/11/30,上市,貿易百貨業,ESVUFR,
3002,歐格,TW0003002002,2002/1/23,上市,電腦及週邊設備業,ESVUFR,
3003,健和興,TW0003003000,2002/2/19,上市,電子零組件業,ESVUFR,
3004,豐達科,TW0003004008,2002/2/25,上市,鋼鐵工業,ESVUFR,
3005,神基,TW0003005005,2002/2/25,上市,電腦及週邊設備業,ESVUFR,
3006,晶豪科,TW0003006003,2002/3/4,上市,半導體業,ESVUFR,
3008,大立光,TW0003008009,2002/3/11,上市,光電業,ESVUFR,
3010,華立,TW0003010005,2002/7/22,上市,電子通路業,ESVUFR,
3011,今皓,TW0003011003,2002/7/22,上市,電子零組件業,ESVUFR,
3013,晟銘電,TW0003013009,2002/9/16,上市,電腦及週邊設備業,ESVUFR,
3014,聯陽,TW0003014007,2002/10/29,上市,半導體業,ESVUFR,
3015,全漢,TW0003015004,2002/10/16,上市,電子零組件業,ESVUFR,
3016,嘉晶,TW0003016002,2002/12/24,上市,半導體業,ESVUFR,
3017,奇鋐,TW0003017000,2002/9/27,上市,電腦及週邊設備業,ESVUFR,
3018,隆銘綠能,TW0003018008,2002/8/26,上市,其他電子業,ESVUFR,
3019,亞光,TW0003019006,2002/8/26,上市,光電業,ESVUFR,
3021,鴻名,TW0003021002,2002/8/26,上市,電子零組件業,ESVUFR,
3022,威強電,TW0003022000,2002/8/26,上市,電腦及週邊設備業,ESVUFR,
3023,信邦,TW0003023008,2002/8/26,上市,電子零組件業,ESVUFR,
3024,憶聲,TW0003024006,2002/8/26,上市,光電業,ESVUFR,
3025,星通,TW0003025003,2002/8/26,上市,通信網路業,ESVUFR,
3026,禾伸堂,TW0003026001,2002/8/26,上市,電子零組件業,ESVUFR,
3027,盛達,TW0003027009,2002/8/26,上市,通信網路業,ESVUFR,
3028,增你強,TW0003028007,2002/8/26,上市,電子通路業,ESVUFR,
3029,零壹,TW0003029005,2002/8/26,上市,資訊服務業,ESVUFR,
3030,德律,TW0003030003,2002/10/29,上市,其他電子業,ESVUFR,
3031,佰鴻,TW0003031001,2002/8/26,上市,光電業,ESVUFR,
3032,偉訓,TW0003032009,2002/8/26,上市,電子零組件業,ESVUFR,
3033,威健,TW0003033007,2002/8/26,上市,電子通路業,ESVUFR,
3034,聯詠,TW0003034005,2002/8/26,上市,半導體業,ESVUFR,
3035,智原,TW0003035002,2002/8/26,上市,半導體業,ESVUFR,
3036,文曄,TW0003036000,2002/8/26,上市,電子通路業,ESVUFR,
3037,欣興,TW0003037008,2002/8/26,上市,電子零組件業,ESVUFR,
3038,全台,TW0003038006,2002/8/26,上市,光電業,ESVUFR,
3040,遠見,TW0003040002,2002/8/26,上市,其他業,ESVUFR,
3041,揚智,TW0003041000,2002/8/26,上市,半導體業,ESVUFR,
3042,晶技,TW0003042008,2002/8/26,上市,電子零組件業,ESVUFR,
3043,科風,TW0003043006,2002/8/26,上市,其他電子業,ESVUFR,
3044,健鼎,TW0003044004,2002/8/26,上市,電子零組件業,ESVUFR,
3045,台灣大,TW0003045001,2002/8/26,上市,通信網路業,ESVUFR,
3046,建,TW0003046009,2002/8/26,上市,電腦及週邊設備業,ESVUFR,
3047,訊舟,TW0003047007,2002/8/26,上市,通信網路業,ESVUFR,
3048,益登,TW0003048005,2002/10/1,上市,電子通路業,ESVUFR,
3049,精金,TW0003049003,2002/9/27,上市,光電業,ESVUFR,
3050,鈺德,TW0003050001,2002/10/29,上市,光電業,ESVUFR,
3051,力特,TW0003051009,2002/10/28,上市,光電業,ESVUFR,
3052,夆典,TW0003052007,1995/11/25,上市,建材營造業,ESVUFR,
3054,立萬利,TW0003054003,2002/11/18,上市,食品工業,ESVUFR,
3055,蔚華科,TW0003055000,2002/12/12,上市,電子通路業,ESVUFR,
3056,富華新,TW0003056008,2003/3/3,上市,建材營造業,ESVUFR,
3057,喬鼎,TW0003057006,2002/12/18,上市,電腦及週邊設備業,ESVUFR,
3058,立德,TW0003058004,2002/12/9,上市,電子零組件業,ESVUFR,
3059,華晶科,TW0003059002,2002/12/24,上市,光電業,ESVUFR,
3060,銘異,TW0003060000,2003/4/21,上市,電腦及週邊設備業,ESVUFR,
3062,建漢,TW0003062006,2003/7/28,上市,通信網路業,ESVUFR,
3090,日電貿,TW0003090007,2007/12/31,上市,電子零組件業,ESVUFR,
3092,鴻碩,TW0003092003,2021/5/13,上市,電子零組件業,ESVUFR,
3094,聯傑,TW0003094009,2007/8/6,上市,半導體業,ESVUFR,
3130,一零四,TW0003130001,2006/2/17,上市,數位雲端,ESVUFR,
3135,凌航,TW0003135000,2025/8/6,上市,半導體業,ESVUFR,
3138,耀登,TW0003138004,2020/12/11,上市,通信網路業,ESVUFR,
3149,正達,TW0003149001,2011/11/23,上市,光電業,ESVUFR,
3164,景岳,TW0003164000,2010/3/22,上市,生技醫療業,ESVUFR,
3167,大量,TW0003167003,2013/10/21,上市,電機機械,ESVUFR,
3168,眾福科,TW0003168001,2024/3/26,上市,光電業,ESVUFR,
3189,景碩,TW0003189007,2004/11/1,上市,半導體業,ESVUFR,
3209,全科,TW0003209003,2008/11/26,上市,電子通路業,ESVUFR,
3229,晟鈦,TW0003229001,2009/12/31,上市,電子零組件業,ESVUFR,
3231,緯創,TW0003231007,2003/8/19,上市,電腦及週邊設備業,ESVUFR,
3257,虹冠電,TW0003257002,2011/3/21,上市,半導體業,ESVUFR,
3266,昇陽,TW0003266003,2014/12/24,上市,建材營造業,ESVUFR,
3296,勝德,TW0003296000,2007/12/31,上市,電子零組件業,ESVUFR,
3305,昇貿,TW0003305009,2008/7/10,上市,其他電子業,ESVUFR,
3308,聯德,TW0003308003,2008/3/12,上市,電子零組件業,ESVUFR,
3311,閎暉,TW0003311007,2004/3/8,上市,通信網路業,ESVUFR,
3312,弘憶股,TW0003312005,2010/12/29,上市,電子通路業,ESVUFR,
3321,同泰,TW0003321006,2015/12/15,上市,電子零組件業,ESVUFR,
3338,泰碩,TW0003338000,2013/12/13,上市,電子零組件業,ESVUFR,
3346,麗清,TW0003346003,2016/12/19,上市,汽車工業,ESVUFR,
3356,奇偶,TW0003356002,2005/3/28,上市,光電業,ESVUFR,
3376,新日興,TW0003376000,2007/12/31,上市,電子零組件業,ESVUFR,
3380,明泰,TW0003380002,2004/12/20,上市,通信網路業,ESVUFR,
3406,玉晶光,TW0003406005,2005/12/20,上市,光電業,ESVUFR,
3413,京鼎,TW0003413001,2015/7/28,上市,半導體業,ESVUFR,
3416,融程電,TW0003416004,2015/1/23,上市,電腦及週邊設備業,ESVUFR,
3419,譁裕,TW0003419008,2008/1/21,上市,通信網路業,ESVUFR,
3432,台端,TW0003432001,2010/12/30,上市,電子零組件業,ESVUFR,
3437,榮創,TW0003437000,2014/7/9,上市,光電業,ESVUFR,
3443,創意,TW0003443008,2006/11/3,上市,半導體業,ESVUFR,
3447,展達,TW0003447009,2022/12/15,上市,通信網路業,ESVUFR,
3450,聯鈞,TW0003450003,2006/4/12,上市,半導體業,ESVUFR,
3454,晶睿,TW0003454005,2011/7/22,上市,光電業,ESVUFR,
3481,群創,TW0003481008,2006/10/24,上市,光電業,ESVUFR,
3494,誠研,TW0003494001,2007/12/13,上市,電腦及週邊設備業,ESVUFR,
3501,維熹,TW0003501003,2007/9/20,上市,電子零組件業,ESVUFR,
3504,揚明光,TW0003504007,2007/1/26,上市,光電業,ESVUFR,
3515,華擎,TW0003515003,2007/11/8,上市,電腦及週邊設備業,ESVUFR,
3518,柏騰,TW0003518007,2007/11/28,上市,其他電子業,ESVUFR,
3528,安馳,TW0003528006,2016/5/18,上市,電子通路業,ESVUFR,
3530,晶相光,TW0003530002,2018/7/16,上市,半導體業,ESVUFR,
3532,台勝科,TW0003532008,2007/12/10,上市,半導體業,ESVUFR,
3533,嘉澤,TW0003533006,2007/12/10,上市,電子零組件業,ESVUFR,
3535,晶彩科,TW0003535001,2008/1/31,上市,光電業,ESVUFR,
3543,州巧,TW0003543005,2020/4/15,上市,光電業,ESVUFR,
3545,敦泰,TW0003545000,2007/7/3,上市,半導體業,ESVUFR,
3550,聯穎,TW0003550000,2010/11/10,上市,電子零組件業,ESVUFR,
3557,嘉威,TW0003557005,2008/2/27,上市,居家生活,ESVUFR,
3563,牧德,TW0003563003,2019/4/2,上市,光電業,ESVUFR,
3576,聯合再生,TW0003576005,2009/1/12,上市,光電業,ESVUFR,
3583,辛耘,TW0003583001,2013/3/12,上市,半導體業,ESVUFR,
3588,通嘉,TW0003588000,2009/8/14,上市,半導體業,ESVUFR,
3591,艾笛森,TW0003591004,2010/11/12,上市,光電業,ESVUFR,
3592,瑞鼎,TW0003592002,2022/1/7,上市,半導體業,ESVUFR,
3593,力銘,TW0003593000,2009/3/16,上市,電子零組件業,ESVUFR,
3596,智易,TW0003596003,2009/3/11,上市,通信網路業,ESVUFR,
3605,宏致,TW0003605002,2009/3/26,上市,電子零組件業,ESVUFR,
3607,谷崧,TW0003607008,2009/10/28,上市,電子零組件業,ESVUFR,
3617,碩天,TW0003617007,2009/12/23,上市,其他電子業,ESVUFR,
3622,洋華,TW0003622007,2009/3/25,上市,光電業,ESVUFR,
3645,達邁,TW0003645008,2011/10/5,上市,電子零組件業,ESVUFR,
3652,精聯,TW0003652004,2022/9/21,上市,電腦及週邊設備業,ESVUFR,
3653,健策,TW0003653002,2009/11/18,上市,電子零組件業,ESVUFR,
3661,世芯-KY,KYG022421088,2014/10/28,上市,半導體業,ESVUFR,
3665,貿聯-KY,KYG114741062,2011/4/21,上市,其他電子業,ESVUFR,
3669,圓展,TW0003669008,2011/8/25,上市,通信網路業,ESVUFR,
3673,TPK-KY,KYG898431096,2010/10/29,上市,光電業,ESVTFR,
3679,新至陞,TW0003679007,2011/10/5,上市,電子零組件業,ESVUFR,
3686,達能,TW0003686002,2010/7/20,上市,半導體業,ESVUFR,
3694,海華,TW0003694006,2011/5/3,上市,通信網路業,ESVUFR,
3701,大眾控,TW0003701009,2004/8/30,上市,電腦及週邊設備業,ESVUFR,
3702,大聯大,TW0003702007,2005/11/9,上市,電子通路業,ESVUFR,
3703,欣陸,TW0003703005,2010/4/8,上市,建材營造業,ESVUFR,
3704,合勤控,TW0003704003,2010/8/16,上市,通信網路業,ESVUFR,
3705,永信,TW0003705000,2011/1/3,上市,生技醫療業,ESVUFR,
3706,神達,TW0003706008,2013/9/12,上市,電腦及週邊設備業,ESVUFR,
3708,上緯投控,TW0003708004,2016/8/31,上市,綠能環保,ESVUFR,
3711,日月光投控,TW0003711008,2018/4/30,上市,半導體業,ESVUFR,
3712,永崴投控,TW0003712006,2018/10/1,上市,電腦及週邊設備業,ESVUFR,
3714,富采,TW0003714002,2021/1/6,上市,光電業,ESVUFR,
3715,定穎投控,TW0003715009,2022/8/25,上市,電子零組件業,ESVUFR,
3716,中化控股,TW0003716007,2024/9/2,上市,生技醫療業,ESVUFR,
3717,聯嘉投控,TW0003717005,2018/5/9,上市,汽車工業,ESVUFR,
4104,佳醫,TW0004104005,2007/12/31,上市,生技醫療業,ESVUFR,
4106,雃博,TW0004106000,2004/11/8,上市,生技醫療業,ESVUFR,
4108,懷特,TW0004108006,2008/7/16,上市,生技醫療業,ESVUFR,
4119,旭富,TW0004119003,2004/1/7,上市,生技醫療業,ESVUFR,
4133,亞諾法,TW0004133004,2009/12/28,上市,生技醫療業,ESVUFR,
4137,麗豐-KY,KYG211641017,2013/11/27,上市,生技醫療業,ESVUFR,
4142,國光生,TW0004142005,2012/5/3,上市,生技醫療業,ESVUFR,
4148,全宇生技-KY,KYG0232P1072,2017/6/8,上市,生技醫療業,ESVUFR,
4155,訊映,TW0004155007,2017/12/5,上市,生技醫療業,ESVUFR,
4164,承業醫,TW0004164009,2012/10/24,上市,生技醫療業,ESVUFR,
4190,佐登-KY,KYG518761039,2015/10/21,上市,生技醫療業,ESVUFR,
4306,炎洲,TW0004306006,2008/1/21,上市,塑膠工業,ESVUFR,
4414,如興,TW0004414008,2004/9/6,上市,紡織纖維,ESVUFR,
4426,利勤,TW0004426002,2011/12/16,上市,紡織纖維,ESVUFR,
4438,廣越,TW0004438007,2016/10/18,上市,紡織纖維,ESVUFR,
4439,冠星-KY,KYG9114F1037,2019/12/5,上市,紡織纖維,ESVUFR,
4440,宜新實業,TW0004440003,2021/10/25,上市,紡織纖維,ESVUFR,
4441,振大環球,TW0004441001,2025/9/9,上市,紡織纖維,ESVUFR,
4526,東台,TW0004526009,2003/9/15,上市,電機機械,ESVUFR,
4532,瑞智,TW0004532007,2003/8/4,上市,電機機械,ESVUFR,
4536,拓凱,TW0004536008,2013/10/9,上市,運動休閒,ESVUFR,
4540,全球傳動,TW0004540000,2018/8/15,上市,電機機械,ESVUFR,
4545,銘鈺,TW0004545009,2016/1/6,上市,電子零組件業,ESVUFR,
4551,智伸科,TW0004551007,2015/8/10,上市,汽車工業,ESVUFR,
4552,力達-KY,KYG5479W1033,2016/7/20,上市,電機機械,ESVUFR,
4555,氣立,TW0004555008,2015/10/27,上市,電機機械,ESVUFR,
4557,永新-KY,KYG988461011,2015/10/12,上市,汽車工業,ESVUFR,
4560,強信-KY,KYG853531039,2017/5/26,上市,電機機械,ESVUFR,
4562,穎漢,TW0004562004,2017/8/21,上市,電機機械,ESVUFR,
4564,元翎,TW0004564000,2019/3/7,上市,電機機械,ESVUFR,
4566,時碩工業,TW0004566005,2018/2/5,上市,電機機械,ESVUFR,
4569,六方科-KY,KYG8192T1004,2023/7/31,上市,汽車工業,ESVUFR,
4571,鈞興-KY,KYG5258M1024,2019/9/17,上市,電機機械,ESVUFR,
4572,駐龍,TW0004572003,2019/9/10,上市,電機機械,ESVUFR,
4576,大銀微系統,TW0004576004,2019/9/4,上市,電機機械,ESVUFR,
4581,光隆精密-KY,KYG977291007,2020/3/9,上市,汽車工業,ESVUFR,
4583,台灣精銳,TW0004583000,2022/5/9,上市,電機機械,ESVUFR,
4585,達明,TW0004585005,2025/9/26,上市,其他電子業,ESVUFR,
4588,玖鼎電力,TW0004588009,2024/1/29,上市,其他電子業,ESVUFR,
4720,德淵,TW0004720008,2015/6/24,上市,化學工業,ESVUFR,
4722,國精化,TW0004722004,2012/8/15,上市,化學工業,ESVUFR,
4736,泰博,TW0004736004,2023/12/22,上市,生技醫療業,ESVUFR,
4737,華廣,TW0004737002,2010/12/23,上市,生技醫療業,ESVUFR,
4739,康普,TW0004739008,2017/9/8,上市,化學工業,ESVUFR,
4746,台耀,TW0004746003,2011/3/1,上市,生技醫療業,ESVUFR,
4755,三福化,TW0004755004,2013/11/27,上市,化學工業,ESVUFR,
4763,材料*-KY,KYG5138S1057,2015/11/9,上市,化學工業,ESVUFR,
4764,雙鍵,TW0004764006,2018/1/4,上市,化學工業,ESVUFR,
4766,南寶,TW0004766001,2018/11/28,上市,化學工業,ESVUFR,
4770,上品,TW0004770003,2021/12/22,上市,化學工業,ESVUFR,
4771,望隼,TW0004771001,2024/3/18,上市,生技醫療業,ESVUFR,
4807,日成-KY,KYG7473R1065,2017/6/26,上市,貿易百貨業,ESVUFR,
4904,遠傳,TW0004904008,2005/8/24,上市,通信網路業,ESVUFR,
4906,正文,TW0004906003,2003/6/30,上市,通信網路業,ESVUFR,
4912,聯德控股-KY,KYG545091079,2015/5/21,上市,電子零組件業,ESVUFR,
4915,致伸,TW0004915004,2012/10/5,上市,電子零組件業,ESVUFR,
4916,事欣科,TW0004916002,2013/11/21,上市,電腦及週邊設備業,ESVUFR,
4919,新唐,TW0004919006,2010/9/27,上市,半導體業,ESVUFR,
4927,泰鼎-KY,KYG0407M1033,2015/9/8,上市,電子零組件業,ESVUFR,
4930,燦星網,TW0004930003,2010/6/21,上市,電器電纜,ESVUFR,
4934,太極,TW0004934005,2010/3/10,上市,光電業,ESVUFR,
4935,茂林-KY,KYG3931M1024,2011/7/28,上市,光電業,ESVUFR,
4938,和碩,TW0004938006,2010/6/24,上市,電腦及週邊設備業,ESVUFR,
4942,嘉彰,TW0004942008,2011/6/27,上市,光電業,ESVUFR,
4943,康控-KY,KYG2346M1033,2016/11/11,上市,電子零組件業,ESVUFR,
4949,有成精密,TW0004949003,2024/5/9,上市,光電業,ESVUFR,
4952,凌通,TW0004952007,2011/11/1,上市,半導體業,ESVUFR,
4956,光鋐,TW0004956008,2011/10/24,上市,光電業,ESVUFR,
4958,臻鼎-KY,KYG989221000,2011/12/26,上市,電子零組件業,ESVUFR,
4960,誠美材,TW0004960000,2011/10/24,上市,光電業,ESVUFR,
4961,天鈺,TW0004961008,2018/10/17,上市,半導體業,ESVUFR,
4967,十銓,TW0004967005,2019/1/14,上市,半導體業,ESVUFR,
4968,立積,TW0004968003,2015/11/13,上市,半導體業,ESVUFR,
4976,佳凌,TW0004976006,2012/11/20,上市,光電業,ESVUFR,
4977,眾達-KY,KYG6956N1034,2013/11/20,上市,通信網路業,ESVUFR,
4989,榮科,TW0004989009,2018/6/28,上市,電子零組件業,ESVUFR,
4994,傳奇,TW0004994009,2013/12/25,上市,資訊服務業,ESVUFR,
4999,鑫禾,TW0004999008,2013/6/3,上市,電子零組件業,ESVUFR,
5007,三星,TW0005007009,2011/9/16,上市,鋼鐵工業,ESVUFR,
5203,訊連,TW0005203004,2004/9/27,上市,資訊服務業,ESVUFR,
5215,科嘉-KY,KYG530791022,2011/12/26,上市,電腦及週邊設備業,ESVUFR,
5222,全訊,TW0005222004,2021/10/25,上市,半導體業,ESVUFR,
5225,東科-KY,KYG291021031,2012/11/5,上市,其他電子業,ESVUFR,
5234,達興材料,TW0005234009,2012/7/16,上市,光電業,ESVUFR,
5243,乙盛-KY,KYG312361051,2013/11/25,上市,光電業,ESVUFR,
5244,弘凱,TW0005244008,2022/1/19,上市,光電業,ESVUFR,
5258,虹堡,TW0005258008,2016/12/30,上市,電腦及週邊設備業,ESVUFR,
5269,祥碩,TW0005269005,2012/12/12,上市,半導體業,ESVUFR,
5283,禾聯碩,TW0005283006,2019/5/24,上市,電器電纜,ESVUFR,
5284,jpp-KY,KYG521131006,2017/3/9,上市,其他業,ESVUFR,
5285,界霖,TW0005285001,2014/2/25,上市,半導體業,ESVUFR,
5288,豐祥-KY,KYG314551014,2014/9/25,上市,電機機械,ESVUFR,
5292,華懋,TW0005292007,2020/1/7,上市,綠能環保,ESVUFR,
5306,桂盟,TW0005306005,2022/3/8,上市,運動休閒,ESVUFR,
5388,中磊,TW0005388003,2007/12/3,上市,通信網路業,ESVUFR,
5434,崇越,TW0005434005,2003/8/25,上市,電子通路業,ESVUFR,
5469,瀚宇博,TW0005469001,2003/8/25,上市,電子零組件業,ESVUFR,
5471,松翰,TW0005471007,2003/8/25,上市,半導體業,ESVUFR,
5484,慧友,TW0005484000,2003/8/25,上市,光電業,ESVUFR,
5515,建國,TW0005515001,2003/10/6,上市,建材營造業,ESVUFR,
5519,隆大,TW0005519003,2014/2/10,上市,建材營造業,ESVUFR,
5521,工信,TW0005521009,2012/12/18,上市,建材營造業,ESVUFR,
5522,遠雄,TW0005522007,2007/8/6,上市,建材營造業,ESVUFR,
5525,順天,TW0005525000,2004/11/26,上市,建材營造業,ESVUFR,
5531,鄉林,TW0005531008,2005/1/31,上市,建材營造業,ESVUFR,
5533,皇鼎,TW0005533004,2008/4/30,上市,建材營造業,ESVUFR,
5534,長虹,TW0005534002,2004/5/24,上市,建材營造業,ESVUFR,
5538,東明-KY,KYG8919A1031,2013/12/16,上市,鋼鐵工業,ESVUFR,
5546,永固-KY,KYG566541093,2020/5/20,上市,建材營造業,ESVUFR,
5607,遠雄港,TW0005607006,2004/12/2,上市,航運業,ESVUFR,
5608,四維航,TW0005608004,2003/8/25,上市,航運業,ESVUFR,
5706,鳳凰,TW0005706006,2011/10/21,上市,觀光餐旅,ESVUFR,
5871,中租-KY,KYG202881093,2011/12/13,上市,其他業,ESVUFR,
5876,上海商銀,TW0005876007,2018/10/19,上市,金融保險業,ESVUFR,
5880,合庫金,TW0005880009,2011/12/1,上市,金融保險業,ESVUFR,
5906,台南-KY,KYG8661M1078,2011/10/24,上市,貿易百貨業,ESVUFR,
5907,大洋-KY,KYG4064G1029,2012/6/6,上市,貿易百貨業,ESVUFR,
6005,群益證,TW0006005002,2005/11/21,上市,金融保險業,ESVUFR,
6024,群益期,TW0006024003,2017/10/16,上市,金融保險業,ESVUFR,
6108,競國,TW0006108004,2008/12/30,上市,電子零組件業,ESVUFR,
6112,邁達特,TW0006112006,2003/8/4,上市,資訊服務業,ESVUFR,
6115,鎰勝,TW0006115009,2004/7/19,上市,電子零組件業,ESVUFR,
6116,彩晶,TW0006116007,2004/9/6,上市,光電業,ESVUFR,
6117,迎廣,TW0006117005,2003/8/25,上市,電腦及週邊設備業,ESVUFR,
6120,達運,TW0006120009,2006/9/13,上市,光電業,ESVUFR,
6128,上福,TW0006128002,2003/6/16,上市,電腦及週邊設備業,ESVUFR,
6133,金橋,TW0006133002,2003/8/15,上市,電子零組件業,ESVUFR,
6136,富爾特,TW0006136005,2003/8/25,上市,通信網路業,ESVUFR,
6139,亞翔,TW0006139009,2003/8/25,上市,其他電子業,ESVUFR,
6141,柏承,TW0006141005,2003/10/22,上市,電子零組件業,ESVUFR,
6142,友勁,TW0006142003,2003/8/4,上市,通信網路業,ESVUFR,
6152,百一,TW0006152002,2009/12/8,上市,通信網路業,ESVUFR,
6153,嘉聯益,TW0006153000,2008/1/21,上市,電子零組件業,ESVUFR,
6155,鈞寶,TW0006155005,2006/8/18,上市,電子零組件業,ESVUFR,
6164,華興,TW0006164007,2008/10/21,上市,光電業,ESVUFR,
6165,浪凡,TW0006165004,2003/8/4,上市,數位雲端,ESVUFR,
6166,凌華,TW0006166002,2004/11/8,上市,電腦及週邊設備業,ESVUFR,
6168,宏齊,TW0006168008,2003/8/25,上市,光電業,ESVUFR,
6176,瑞儀,TW0006176001,2007/5/15,上市,光電業,ESVUFR,
6177,達麗,TW0006177009,2013/8/1,上市,建材營造業,ESVUFR,
6183,關貿,TW0006183007,2011/12/1,上市,資訊服務業,ESVUFR,
6184,大豐電,TW0006184005,2005/2/15,上市,其他業,ESVUFR,
6189,豐藝,TW0006189004,2004/5/24,上市,電子通路業,ESVUFR,
6191,精成科,TW0006191000,2007/10/19,上市,電子零組件業,ESVUFR,
6192,巨路,TW0006192008,2004/9/27,上市,其他電子業,ESVUFR,
6196,帆宣,TW0006196009,2004/5/24,上市,其他電子業,ESVUFR,
6197,佳必琪,TW0006197007,2004/11/8,上市,電子零組件業,ESVUFR,
6201,亞弘電,TW0006201007,2004/9/27,上市,其他電子業,ESVUFR,
6202,盛群,TW0006202005,2004/9/27,上市,半導體業,ESVUFR,
6205,詮欣,TW0006205008,2008/1/21,上市,電子零組件業,ESVUFR,
6206,飛捷,TW0006206006,2004/8/3,上市,電腦及週邊設備業,ESVUFR,
6209,今國光,TW0006209000,2004/11/8,上市,光電業,ESVUFR,
6213,聯茂,TW0006213002,2008/1/21,上市,電子零組件業,ESVUFR,
6214,精誠,TW0006214000,2010/12/30,上市,資訊服務業,ESVUFR,
6215,和椿,TW0006215007,2007/12/31,上市,其他電子業,ESVUFR,
6216,居易,TW0006216005,2004/9/27,上市,通信網路業,ESVUFR,
6224,聚鼎,TW0006224009,2009/9/17,上市,電子零組件業,ESVUFR,
6225,天瀚,TW0006225006,2004/9/27,上市,光電業,ESVUFR,
6226,光鼎,TW0006226004,2008/11/10,上市,光電業,ESVUFR,
6230,尼得科超眾,TW0006230006,2010/9/16,上市,電腦及週邊設備業,ESVUFR,
6235,華孚,TW0006235005,2004/8/23,上市,電腦及週邊設備業,ESVUFR,
6239,力成,TW0006239007,2004/11/8,上市,半導體業,ESVUFR,
6243,迅杰,TW0006243009,2009/12/17,上市,半導體業,ESVUFR,
6257,矽格,TW0006257009,2003/8/25,上市,半導體業,ESVUFR,
6269,台郡,TW0006269004,2003/9/23,上市,電子零組件業,ESVUFR,
6271,同欣電,TW0006271000,2007/11/16,上市,半導體業,ESVUFR,
6277,宏正,TW0006277007,2003/10/30,上市,電腦及週邊設備業,ESVUFR,
6278,台表科,TW0006278005,2010/8/24,上市,光電業,ESVUFR,
6281,全國電,TW0006281009,2005/12/8,上市,電子通路業,ESVUFR,
6282,康舒,TW0006282007,2003/9/8,上市,電子零組件業,ESVUFR,
6283,淳安,TW0006283005,2008/1/21,上市,其他電子業,ESVUFR,
6285,啟,TW0006285000,2003/9/22,上市,通信網路業,ESVUFR,
6405,悅城,TW0006405004,2013/11/28,上市,光電業,ESVUFR,
6409,旭隼,TW0006409006,2014/3/31,上市,其他電子業,ESVUFR,
6412,群電,TW0006412000,2013/11/8,上市,電子零組件業,ESVUFR,
6414,樺漢,TW0006414006,2014/3/28,上市,電腦及週邊設備業,ESVUFR,
6415,矽力*-KY,KYG8190F1028,2013/12/12,上市,半導體業,ESVUFR,
6416,瑞祺電通,TW0006416001,2018/4/16,上市,通信網路業,ESVUFR,
6426,統新,TW0006426000,2021/3/24,上市,通信網路業,ESVUFR,
6431,光麗-KY,KYG532651075,2014/12/4,上市,生技醫療業,ESVUFR,
6438,迅得,TW0006438005,2021/1/19,上市,其他電子業,ESVUFR,
6442,光聖,TW0006442007,2015/7/14,上市,通信網路業,ESVUFR,
6443,元晶,TW0006443005,2015/10/1,上市,光電業,ESVUFR,
6446,藥華藥,TW0006446008,2024/1/25,上市,生技醫療業,ESVUFR,
6449,鈺邦,TW0006449002,2014/12/9,上市,電子零組件業,ESVUFR,
6451,訊芯-KY,KYG811801045,2015/1/26,上市,半導體業,ESVUFR,
6456,GIS-KY,KYG3808R1011,2015/6/12,上市,光電業,ESVUFR,
6464,台數科,TW0006464001,2015/12/16,上市,其他業,ESVUFR,
6472,保瑞,TW0006472004,2023/12/19,上市,生技醫療業,ESVUFR,
6477,安集,TW0006477003,2016/6/21,上市,光電業,ESVUFR,
6491,晶碩,TW0006491004,2019/10/7,上市,生技醫療業,ESVUFR,
6504,南六,TW0006504004,2013/5/7,上市,其他業,ESVUFR,
6505,台塑化,TW0006505001,2003/12/26,上市,油電燃氣業,ESVUFR,
6515,穎崴,TW0006515000,2021/1/20,上市,半導體業,ESVUFR,
6525,捷敏-KY,KYG3790U1040,2016/4/12,上市,半導體業,ESVUFR,
6526,達發,TW0006526007,2023/10/19,上市,半導體業,ESVUFR,
6531,愛普*,TW0006531007,2016/5/31,上市,半導體業,ESVUFR,
6533,晶心科,TW0006533003,2017/3/14,上市,半導體業,ESVUFR,
6541,泰福-KY,KYG8676P1037,2017/10/26,上市,生技醫療業,ESVUFR,
6550,北極星藥業-KY,KYG7171A1085,2022/6/6,上市,生技醫療業,ESVUFR,
6552,易華電,TW0006552003,2017/1/10,上市,半導體業,ESVUFR,
6558,興能高,TW0006558000,2018/12/5,上市,其他電子業,ESVUFR,
6573,虹揚-KY,KYG4712A1013,2017/9/26,上市,半導體業,ESVUFR,
6579,研揚,TW0006579006,2017/8/21,上市,電腦及週邊設備業,ESVUFR,
6581,鋼聯,TW0006581002,2018/1/30,上市,綠能環保,ESVUFR,
6582,申豐,TW0006582000,2017/6/14,上市,橡膠工業,ESVUFR,
6585,鼎基,TW0006585003,2022/5/20,上市,其他業,ESVUFR,
6589,台康生技,TW0006589005,2025/7/21,上市,生技醫療業,ESVUFR,
6591,動力-KY,KYG8587R1074,2017/12/28,上市,電腦及週邊設備業,ESVUFR,
6592,和潤企業,TW0006592009,2019/12/9,上市,其他業,ESVUFR,
6598,ABC-KY,KYG0488D1051,2020/6/9,上市,生技醫療業,ESVUFR,
6605,帝寶,TW0006605009,2004/3/17,上市,汽車工業,ESVUFR,
6606,建德工業,TW0006606007,2023/3/24,上市,電機機械,ESVUFR,
6625,必應,TW0006625007,2018/2/7,上市,其他業,ESVUFR,
6641,基士德-KY,KYG416551045,2018/9/21,上市,綠能環保,ESVUFR,
6655,科定,TW0006655004,2018/11/28,上市,其他業,ESVUFR,
6657,華安,TW0006657000,2023/6/12,上市,生技醫療業,ESVUFR,
6658,聯策,TW0006658008,2023/11/2,上市,其他電子業,ESVUFR,
6666,羅麗芬-KY,KYG569831020,2018/11/19,上市,生技醫療業,ESVUFR,
6668,中揚光,TW0006668007,2018/12/12,上市,光電業,ESVUFR,
6669,緯穎,TW0006669005,2019/3/27,上市,電腦及週邊設備業,ESVUFR,
6670,復盛應用,TW0006670003,2018/12/18,上市,運動休閒,ESVUFR,
6671,三能-KY,KYG7806W1033,2018/12/11,上市,居家生活,ESVUFR,
6672,騰輝電子-KY,KYG9353A1040,2019/4/17,上市,電子零組件業,ESVUFR,
6674,鋐寶科技,TW0006674005,2018/11/28,上市,通信網路業,ESVUFR,
6689,伊雲谷,TW0006689003,2022/9/13,上市,數位雲端,ESVUFR,
6691,洋基工程,TW0006691009,2022/1/3,上市,其他電子業,ESVUFR,
6695,芯鼎,TW0006695000,2022/11/4,上市,半導體業,ESVUFR,
6698,旭暉應材,TW0006698004,2019/11/25,上市,其他電子業,ESVUFR,
6706,惠特,TW0006706005,2019/12/19,上市,光電業,ESVUFR,
6715,嘉基,TW0006715006,2019/12/12,上市,電子零組件業,ESVUFR,
6719,力智,TW0006719008,2022/1/13,上市,半導體業,ESVUFR,
6742,澤米,TW0006742000,2023/12/5,上市,光電業,ESVUFR,
6743,安普新,TW0006743008,2020/12/14,上市,其他電子業,ESVUFR,
6753,龍德造船,TW0006753007,2023/3/10,上市,航運業,ESVUFR,
6754,匯僑設計,TW0006754005,2020/8/25,上市,居家生活,ESVUFR,
6756,威鋒電子,TW0006756000,2020/12/24,上市,半導體業,ESVUFR,
6757,台灣虎航,TW0006757008,2024/11/29,上市,航運業,ESVUFR,
6768,志強-KY,KYG8368S1003,2021/4/22,上市,運動休閒,ESVUFR,
6770,力積電,TW0006770001,2021/12/6,上市,半導體業,ESVUFR,
6776,展眥篕,TW0006776008,2021/3/31,上市,電子通路業,ESVUFR,
6781,AES-KY,KYG0097V1086,2021/3/22,上市,電子零組件業,ESVUFR,
6782,視陽,TW0006782006,2022/11/28,上市,生技醫療業,ESVUFR,
6789,采鈺,TW0006789001,2022/6/30,上市,半導體業,ESVUFR,
6790,永豐實,TW0006790009,2021/9/29,上市,造紙工業,ESVUFR,
6792,詠業,TW0006792005,2021/12/8,上市,通信網路業,ESVUFR,
6796,晉弘,TW0006796006,2022/6/1,上市,生技醫療業,ESVUFR,
6799,來頡,TW0006799000,2022/5/12,上市,半導體業,ESVUFR,
6805,富世達,TW0006805005,2023/11/9,上市,電子零組件業,ESVUFR,
6806,森崴能源,TW0006806003,2021/11/15,上市,綠能環保,ESVUFR,
6807,峰源-KY,KYG3425A1013,2022/4/25,上市,居家生活,ESVUFR,
6830,汎銓,TW0006830003,2022/8/31,上市,其他電子業,ESVUFR,
6834,天二科技,TW0006834005,2022/9/1,上市,電子零組件業,ESVUFR,
6835,圓裕,TW0006835002,2022/11/10,上市,電子零組件業,ESVUFR,
6838,台新藥,TW0006838006,2024/8/13,上市,生技醫療業,ESVUFR,
6861,睿生光電,TW0006861008,2023/3/27,上市,生技醫療業,ESVUFR,
6862,三集瑞-KY,KYG9066C1087,2024/10/23,上市,電子零組件業,ESVUFR,
6863,永道-KY,KYG0478A1031,2023/3/21,上市,通信網路業,ESVUFR,
6869,雲豹能源,TW0006869001,2024/6/19,上市,綠能環保,ESVUFR,
6873,泓德能源,TW0006873003,2024/9/26,上市,綠能環保,ESVUFR,
6885,全福生技,TW0006885007,2024/12/16,上市,生技醫療業,ESVUFR,
6887,寶綠特-KY,KYG1462B1077,2025/3/10,上市,綠能環保,ESVUFR,
6890,來億-KY,KYG5353T1013,2024/6/12,上市,運動休閒,ESVUFR,
6901,鑽石投資,TW0006901002,2023/9/19,上市,其他業,ESVUFR,
6902,GOGOLOOK,TW0006902000,2025/5/16,上市,數位雲端,ESVUFR,
6906,現觀科,TW0006906001,2024/1/15,上市,數位雲端,ESVUFR,
6909,創控,TW0006909005,2025/5/21,上市,半導體業,ESVUFR,
6914,阜爾運通,TW0006914005,2024/5/3,上市,其他業,ESVUFR,
6916,華凌,TW0006916000,2023/12/5,上市,光電業,ESVUFR,
6918,愛派司,TW0006918006,2025/6/10,上市,生技醫療業,ESVUFR,
6919,康霈*,TW0006919004,2024/10/2,上市,生技醫療業,ESVUFR,
6923,中台,TW0006923006,2024/9/25,上市,綠能環保,ESVUFR,
6928,攸泰科技,TW0006928005,2024/5/16,上市,電腦及週邊設備業,ESVUFR,
6931,青松健康,TW0006931009,2025/1/15,上市,生技醫療業,ESVUFR,
6933,AMAX-KY,KYG0249M1050,2023/11/8,上市,電腦及週邊設備業,ESVUFR,
6936,永鴻生技,TW0006936008,2025/4/28,上市,生技醫療業,ESVUFR,
6937,天虹,TW0006937006,2023/12/12,上市,半導體業,ESVUFR,
6944,兆聯實業,TW0006944002,2025/5/28,上市,綠能環保,ESVUFR,
6952,大武山,TW0006952005,2024/6/13,上市,其他業,ESVUFR,
6957,裕慶-KY,KYG4631S1003,2024/6/25,上市,其他業,ESVUFR,
6958,日盛台駿,TW0006958002,2024/8/20,上市,其他業,ESVUFR,
6962,奕力-KY,KYG4977T1004,2024/11/26,上市,半導體業,ESVUFR,
6965,中傑-KY,KYG2124U1031,2025/3/7,上市,運動休閒,ESVUFR,
6994,富威電力,TW0006994007,2025/1/15,上市,綠能環保,ESVUFR,
7705,三商餐飲,TW0007705006,2024/11/26,上市,觀光餐旅,ESVUFR,
7721,微程式,TW0007721003,2025/7/29,上市,數位雲端,ESVUFR,
7722,LINEPAY,TW0007722001,2024/12/5,上市,數位雲端,ESVUFR,
7732,金興精密,TW0007732000,2025/1/14,上市,汽車工業,ESVUFR,
7736,虎山,TW0007736001,2025/3/18,上市,汽車工業,ESVUFR,
7749,意騰-KY,KYG4R4EN1020,2025/6/13,上市,半導體業,ESVUFR,
7750,新代,TW0007750002,2025/9/17,上市,電機機械,ESVUFR,
7765,中華資安,TW0007765000,2025/9/8,上市,數位雲端,ESVUFR,
7780,大研生醫,TW0007780009,2025/9/9,上市,食品工業,ESVUFR,
7799,禾榮科,TW0007799009,2025/9/15,上市,生技醫療業,ESVUFR,
8011,台通,TW0008011008,2011/9/19,上市,通信網路業,ESVUFR,
8016,矽創,TW0008016007,2003/12/25,上市,半導體業,ESVUFR,
8021,尖點,TW0008021007,2008/1/21,上市,其他電子業,ESVUFR,
8028,昇陽半導體,TW0008028002,2018/7/10,上市,半導體業,ESVUFR,
8033,雷虎,TW0008033002,2007/6/21,上市,其他業,ESVUFR,
8039,台虹,TW0008039009,2009/12/17,上市,電子零組件業,ESVUFR,
8045,達運光電,TW0008045006,2024/12/11,上市,通信網路業,ESVUFR,
8046,南電,TW0008046004,2006/4/7,上市,電子零組件業,ESVUFR,
8070,長華*,TW0008070004,2007/12/31,上市,電子通路業,ESVUFR,
8072,陞泰,TW0008072000,2005/8/19,上市,電子通路業,ESVUFR,
8081,致新,TW0008081001,2008/12/30,上市,半導體業,ESVUFR,
8101,華冠,TW0008101007,2004/7/1,上市,通信網路業,ESVUFR,
8103,瀚荃,TW0008103003,2009/9/29,上市,電子零組件業,ESVUFR,
8104,錸寶,TW0008104001,2019/1/17,上市,光電業,ESVUFR,
8105,凌巨,TW0008105008,2006/12/27,上市,光電業,ESVUFR,
8110,華東,TW0008110008,2007/10/31,上市,半導體業,ESVUFR,
8112,至上,TW0008112004,2007/12/31,上市,電子通路業,ESVUFR,
8114,振樺電,TW0008114000,2012/11/26,上市,電腦及週邊設備業,ESVUFR,
8131,福懋科,TW0008131004,2007/11/29,上市,半導體業,ESVUFR,
8150,南茂,TW0008150004,2014/4/11,上市,半導體業,ESVUFR,
8163,達方,TW0008163007,2007/11/28,上市,電腦及週邊設備業,ESVUFR,
8201,無敵,TW0008201005,2007/10/29,上市,其他電子業,ESVUFR,
8210,勤誠,TW0008210006,2011/12/1,上市,電腦及週邊設備業,ESVUFR,
8213,志超,TW0008213000,2009/12/25,上市,電子零組件業,ESVUFR,
8215,明基材,TW0008215005,2010/11/12,上市,光電業,ESVUFR,
8222,寶一,TW0008222001,2015/1/27,上市,電機機械,ESVUFR,
8249,菱光,TW0008249004,2005/5/17,上市,電子零組件業,ESVUFR,
8261,富鼎,TW0008261009,2009/12/11,上市,半導體業,ESVUFR,
8271,宇瞻,TW0008271008,2010/12/29,上市,半導體業,ESVUFR,
8341,日友,TW0008341009,2015/3/23,上市,綠能環保,ESVUFR,
8367,建新國際,TW0008367004,2018/9/12,上市,航運業,ESVUFR,
8374,羅昇,TW0008374000,2008/12/25,上市,電機機械,ESVUFR,
8404,百和興業-KY,KYG684631016,2011/5/18,上市,其他業,ESVUFR,
8411,福貞-KY,KYG525911072,2011/11/1,上市,其他業,ESVUFR,
8422,可寧衛,TW0008422007,2011/10/5,上市,綠能環保,ESVUFR,
8429,金麗-KY,KYG513871015,2012/12/20,上市,貿易百貨業,ESVUFR,
8438,昶昕,TW0008438003,2022/3/11,上市,綠能環保,ESVUFR,
8442,威宏-KY,KYG981151015,2016/11/8,上市,其他業,ESVUFR,
8443,阿瘦,TW0008443003,2014/9/15,上市,貿易百貨業,ESVUFR,
8454,富邦媒,TW0008454000,2014/12/19,上市,數位雲端,ESVUFR,
8462,柏文,TW0008462003,2019/3/15,上市,運動休閒,ESVUFR,
8463,潤泰材,TW0008463001,2015/7/13,上市,其他業,ESVUFR,
8464,億豐,TW0008464009,2015/12/22,上市,居家生活,ESVUFR,
8466,美吉吉-KY,KYG332481087,2016/11/1,上市,其他業,ESVUFR,
8467,波力-KY,KYG144971044,2015/12/15,上市,運動休閒,ESVUFR,
8473,山林水,TW0008473000,2016/9/8,上市,綠能環保,ESVUFR,
8476,台境*,TW0008476003,2023/10/31,上市,綠能環保,ESVUFR,
8478,東哥遊艇,TW0008478009,2017/12/11,上市,運動休閒,ESVUFR,
8481,政伸,TW0008481003,2017/2/24,上市,其他業,ESVUFR,
8482,商億-KY,KYG806341015,2018/8/15,上市,居家生活,ESVUFR,
8488,吉源-KY,KYG5140K1085,2016/12/13,上市,其他業,ESVUFR,
8499,鼎炫-KY,KYG8923R1002,2017/11/24,上市,其他電子業,ESVUFR,
8926,台汽電,TW0008926007,2003/8/25,上市,油電燃氣業,ESVUFR,
8940,新天地,TW0008940008,2009/5/15,上市,觀光餐旅,ESVUFR,
8996,高力,TW0008996000,2014/2/14,上市,電機機械,ESVUFR,
9802,鈺齊-KY,KYG368891068,2012/10/18,上市,運動休閒,ESVUFR,
9902,台火,TW0009902007,1964/7/14,上市,其他業,ESVUFR,
9904,寶成,TW0009904003,1990/1/19,上市,運動休閒,ESVUFR,
9905,大華,TW0009905000,1990/8/8,上市,其他業,ESVUFR,
9906,欣巴巴,TW0009906008,1990/12/15,上市,建材營造業,ESVUFR,
9907,統一實,TW0009907006,1991/1/29,上市,其他業,ESVUFR,
9908,大台北,TW0009908004,1991/2/6,上市,油電燃氣業,ESVUFR,
9910,豐泰,TW0009910000,1992/2/18,上市,運動休閒,ESVUFR,
9911,櫻花,TW0009911008,1992/7/16,上市,居家生活,ESVUFR,
9912,偉聯,TW0009912006,1992/8/8,上市,電腦及週邊設備業,ESVUFR,
9914,美利達,TW0009914002,1992/9/30,上市,運動休閒,ESVUFR,
9917,中保科,TW0009917005,1993/12/8,上市,其他業,ESVUFR,
9918,欣天然,TW0009918003,1994/4/26,上市,油電燃氣業,ESVUFR,
9919,康那香,TW0009919001,1994/11/4,上市,其他業,ESVUFR,
9921,巨大,TW0009921007,1994/12/29,上市,運動休閒,ESVUFR,
9924,福興,TW0009924001,1995/3/15,上市,居家生活,ESVUFR,
9925,新保,TW0009925008,1995/12/9,上市,其他業,ESVUFR,
9926,新海,TW0009926006,1998/4/8,上市,油電燃氣業,ESVUFR,
9927,泰銘,TW0009927004,1999/3/12,上市,其他業,ESVUFR,
9928,中視,TW0009928002,1999/8/9,上市,其他業,ESVUFR,
9929,秋雨,TW0009929000,1999/6/28,上市,其他業,ESVUFR,
9930,中聯資源,TW0009930008,1999/11/22,上市,綠能環保,ESVUFR,
9931,欣高,TW0009931006,2000/3/21,上市,油電燃氣業,ESVUFR,
9933,中鼎,TW0009933002,1993/5/28,上市,其他業,ESVUFR,
9934,成霖,TW0009934000,2000/9/11,上市,居家生活,ESVUFR,
9935,慶豐富,TW0009935007,2000/9/11,上市,居家生活,ESVUFR,
9937,全國,TW0009937003,2000/9/11,上市,油電燃氣業,ESVUFR,
9938,百和,TW0009938001,2001/1/12,上市,其他業,ESVUFR,
9939,宏全,TW0009939009,2001/3/2,上市,其他業,ESVUFR,
9940,信義,TW0009940007,2001/9/17,上市,其他業,ESVUFR,
9941,裕融,TW0009941005,2001/9/17,上市,其他業,ESVUFR,
9942,茂順,TW0009942003,2002/1/28,上市,其他業,ESVUFR,
9943,好樂迪,TW0009943001,2002/8/26,上市,觀光餐旅,ESVUFR,
9944,新麗,TW0009944009,2002/8/26,上市,其他業,ESVUFR,
9945,潤泰新,TW0009945006,1992/4/30,上市,其他業,ESVUFR,
9946,三發地產,TW0009946004,2013/9/17,上市,建材營造業,ESVUFR,
9955,佳龍,TW0009955005,2008/1/21,上市,綠能環保,ESVUFR,
9958,世紀鋼,TW0009958009,2008/3/12,上市,鋼鐵工業,ESVUFR,
1312A,國喬特,TW0001312A01,1988/12/21,上市,塑膠工業,EPNRQR,
1522A,堤維西甲特,TW0001522A07,2021/8/10,上市,汽車工業,EPNRAR,
2002A,中鋼特,TW0002002A04,1974/12/26,上市,鋼鐵工業,EPRRQR,
2348A,海悅甲特,TW0002348A07,2021/9/27,上市,其他業,EPNNFB,
2836A,高雄銀甲特,TW0002836A06,2021/1/15,上市,金融保險業,EPNRAR,
2838A,聯邦銀甲特,TW0002838A04,2017/12/1,上市,金融保險業,EPNRAR,
2881A,富邦特,TW0002881A00,2016/5/31,上市,金融保險業,EPNRAR,
2881B,富邦金乙特,TW0002881B09,2018/4/23,上市,金融保險業,EPNRAR,
2881C,富邦金丙特,TW0002881C08,2021/10/29,上市,金融保險業,EPNRAR,
2882A,國泰特,TW0002882A09,2017/1/17,上市,金融保險業,EPNRAR,
2882B,國泰金乙特,TW0002882B08,2018/8/8,上市,金融保險業,EPNRAR,
2883B,凱基金乙特,TW0002883B07,2021/12/30,上市,金融保險業,EPRRAR,
2887E,台新新光戊特一,TW0002887E00,2017/2/10,上市,金融保險業,EPNRAR,
2887F,台新新光戊特二,TW0002887F09,2019/1/8,上市,金融保險業,EPNRAR,
2887G,台新新光庚特一,TW0002887G08,2025/7/24,上市,金融保險業,EPNRAR,
2887H,台新新光庚特二,TW0002887H07,2025/7/24,上市,金融保險業,EPNRAR,
2887I,台新新光辛特,TW0002887I06,2025/7/24,上市,金融保險業,EPNRCR,
2887Z1,台新新光己特,TW0002887Z13,2022/7/26,上市,金融保險業,EPNCAR,
2891B,中信金乙特,TW0002891B07,2018/1/26,上市,金融保險業,EPNRAR,
2891C,中信金丙特,TW0002891C06,2019/5/6,上市,金融保險業,EPNRAR,
2897B,王道銀乙特,TW0002897B01,2024/9/30,上市,金融保險業,EFNRAR,
5871A,中租-KY甲特,KYG202881176,2020/9/10,上市,其他業,EPNRAR,
6592A,和潤企業甲特,TW0006592A01,2022/9/26,上市,其他業,EPNTAR,
8112A,至上甲特,TW0008112A08,2022/3/7,上市,電子通路業,EPRNAR,
9941A,裕融甲特,TW0009941A03,2018/11/26,上市,其他業,EPNRFR,
2254,巨鎧精密-創,TW0002254000,2023/10/20,上市臺灣創新板,汽車工業,ESVUFR,
2258,鴻華先進-創,TW0002258001,2023/11/20,上市臺灣創新板,汽車工業,ESVUFR,
2432,倚天酷-創,TW0002432002,2023/5/31,上市臺灣創新板,電腦及週邊設備業,ESVUFR,
3150,鈺寶-創,TW0003150009,2024/6/27,上市臺灣創新板,半導體業,ESVUFR,
6423,億而得-創,TW0006423007,2024/5/15,上市臺灣創新板,半導體業,ESVUFR,
6534,正瀚-創,TW0006534001,2023/12/21,上市臺灣創新板,生技醫療業,ESVUFR,
6645,金萬林-創,TW0006645005,2023/12/21,上市臺灣創新板,生技醫療業,ESVUFR,
6771,平和環保-創,TW0006771009,2024/5/17,上市臺灣創新板,綠能環保,ESVUFR,
6794,向榮生技-創,TW0006794001,2024/5/21,上市臺灣創新板,生技醫療業,ESVUFR,
6854,錼創科技-KY創,KYG7148D1025,2022/8/18,上市臺灣創新板,半導體業,ESVUFR,
6924,榮惠-KY創,KYG2954S1030,2024/12/3,上市臺灣創新板,電子零組件業,ESVUFR,
6949,沛爾生醫-創,TW0006949001,2024/3/8,上市臺灣創新板,生技醫療業,ESVUFR,
6951,青新-創,TW0006951007,2024/6/18,上市臺灣創新板,綠能環保,ESVUFR,
6955,邦睿生技-創,TW0006955008,2024/12/6,上市臺灣創新板,生技醫療業,ESVUFR,
6969,成信實業*-創,TW0006969009,2024/9/9,上市臺灣創新板,綠能環保,ESVUFR,
6988,威力暘-創,TW0006988009,2024/10/23,上市臺灣創新板,汽車工業,ESVUFR,
7610,聯友金屬-創,TW0007610B14,2025/9/9,上市臺灣創新板,綠能環保,ESVUFR,
7631,聚賢研發-創,TW0007631B19,2025/3/13,上市臺灣創新板,其他電子業,ESVUFR,
7740,熙特爾-創,TW0007740003,2025/6/16,上市臺灣創新板,綠能環保,ESVUFR,
8162,微矽電子-創,TW0008162009,2024/3/7,上市臺灣創新板,半導體業,ESVUFR,
8487,愛爾達-創,TW0008487000,2024/3/26,上市臺灣創新板,數位雲端,ESVUFR,
1240,茂生農經,TW0001240000,2018/8/8,上櫃,農業科技業,ESVUFR,
1259,安心,TW0001259000,2011/12/15,上櫃,觀光餐旅,ESVUFR,
1264,德麥,TW0001264000,2015/4/9,上櫃,食品工業,ESVUFR,
1268,漢來美食,TW0001268001,2017/9/27,上櫃,觀光餐旅,ESVUFR,
1294,漢田生技,TW0001294007,2024/9/26,上櫃,食品工業,ESVUFR,
1295,生合,TW0001295004,2025/5/27,上櫃,食品工業,ESVUFR,
1336,台翰,TW0001336006,2007/11/2,上櫃,電子零組件業,ESVUFR,
1565,精華,TW0001565000,2004/3/30,上櫃,生技醫療業,ESVUFR,
1569,濱川,TW0001569002,2005/7/29,上櫃,電腦及週邊設備業,ESVUFR,
1570,力肯,TW0001570000,2005/6/30,上櫃,電機機械,ESVUFR,
1580,新麥,TW0001580009,2007/12/10,上櫃,電機機械,ESVUFR,
1584,精剛,TW0001584001,2007/11/28,上櫃,其他業,ESVUFR,
1586,和勤,TW0001586006,2012/1/9,上櫃,電機機械,ESVUFR,
1591,駿吉-KY,KYG4782L1023,2012/3/23,上櫃,電機機械,ESVUFR,
1593,祺驊,TW0001593002,2012/6/13,上櫃,運動休閒,ESVUFR,
1595,川寶,TW0001595007,2011/10/4,上櫃,電子零組件業,ESVUFR,
1599,宏佳騰,TW0001599009,2012/12/25,上櫃,電機機械,ESVUFR,
1742,台蠟,TW0001742005,2004/5/14,上櫃,化學工業,ESVUFR,
1777,生泰,TW0001777001,2005/10/19,上櫃,生技醫療業,ESVUFR,
1781,合世,TW0001781003,2004/12/24,上櫃,生技醫療業,ESVUFR,
1784,訊聯,TW0001784007,2007/7/26,上櫃,生技醫療業,ESVUFR,
1785,光洋科,TW0001785004,2005/1/31,上櫃,其他電子業,ESVUFR,
1788,杏昌,TW0001788008,2009/7/20,上櫃,生技醫療業,ESVUFR,
1796,金穎生技,TW0001796001,2018/1/22,上櫃,食品工業,ESVUFR,
1799,易威,TW0001799005,2008/11/10,上櫃,生技醫療業,ESVUFR,
1813,寶利徠,TW0001813004,2009/8/4,上櫃,生技醫療業,ESVUFR,
1815,富喬,TW0001815009,2006/1/23,上櫃,電子零組件業,ESVUFR,
2035,唐榮,TW0002035003,2006/7/7,上櫃,鋼鐵工業,ESVUFR,
2061,風青,TW0002061009,2010/12/9,上櫃,電器電纜,ESVUFR,
2063,世鎧,TW0002063005,2010/9/7,上櫃,鋼鐵工業,ESVUFR,
2064,晉椿,TW0002064003,2014/12/26,上櫃,鋼鐵工業,ESVUFR,
2065,世豐,TW0002065000,2017/4/21,上櫃,鋼鐵工業,ESVUFR,
2066,世德,TW0002066008,2013/9/24,上櫃,電機機械,ESVUFR,
2067,嘉鋼,TW0002067006,2014/5/26,上櫃,電機機械,ESVUFR,
2070,精湛,TW0002070000,2018/12/17,上櫃,電機機械,ESVUFR,
2073,雄順,TW0002073004,2023/6/21,上櫃,鋼鐵工業,ESVUFR,
2221,大甲,TW0002221009,2007/8/1,上櫃,其他業,ESVUFR,
2230,泰茂,TW0002230000,2013/4/18,上櫃,電機機械,ESVUFR,
2235,謚源,TW0002235009,2014/12/15,上櫃,電機機械,ESVUFR,
2596,綠意,TW0002596004,2009/6/1,上櫃,建材營造業,ESVUFR,
2640,大車隊,TW0002640000,2012/11/7,上櫃,數位雲端,ESVUFR,
2641,正德,TW0002641008,2014/10/9,上櫃,航運業,ESVUFR,
2643,捷迅,TW0002643004,2016/3/4,上櫃,航運業,ESVUFR,
2718,全心投控,TW0002718004,2011/3/29,上櫃,建材營造業,ESVUFR,
2719,燦星旅,TW0002719002,2012/2/24,上櫃,觀光餐旅,ESVUFR,
2724,藝舍-KY,KYG3704Y1017,2012/5/29,上櫃,其他業,ESVUFR,
2726,雅茗-KY,KYG988361021,2014/12/24,上櫃,觀光餐旅,ESVUFR,
2729,瓦城,TW0002729001,2012/9/17,上櫃,觀光餐旅,ESVUFR,
2732,六角,TW0002732005,2015/1/20,上櫃,觀光餐旅,ESVUFR,
2734,易飛網,TW0002734001,2013/12/26,上櫃,觀光餐旅,ESVUFR,
2736,富野,TW0002736006,2016/1/6,上櫃,觀光餐旅,ESVUFR,
2740,天蔥,TW0002740008,2015/12/24,上櫃,觀光餐旅,ESVUFR,
2743,山富,TW0002743002,2020/3/9,上櫃,觀光餐旅,ESVUFR,
2745,五福,TW0002745007,2018/4/16,上櫃,觀光餐旅,ESVUFR,
2751,王座,TW0002751005,2024/9/10,上櫃,觀光餐旅,ESVUFR,
2752,豆府,TW0002752003,2019/9/25,上櫃,觀光餐旅,ESVUFR,
2754,亞洲藏壽司,TW0002754009,2020/9/17,上櫃,觀光餐旅,ESVUFR,
2755,揚秦,TW0002755006,2020/12/16,上櫃,觀光餐旅,ESVUFR,
2756,聯發國際,TW0002756004,2022/1/14,上櫃,觀光餐旅,ESVUFR,
2916,滿心,TW0002916004,2005/3/10,上櫃,居家生活,ESVUFR,
2924,宏太-KY,KYG198691092,2011/12/2,上櫃,居家生活,ESVUFR,
2926,誠品生活,TW0002926003,2013/1/30,上櫃,文化創意業,ESVUFR,
2937,集雅社,TW0002937000,2017/6/8,上櫃,居家生活,ESVUFR,
2941,米斯特,TW0002941002,2024/3/20,上櫃,居家生活,ESVUFR,
2947,振宇五金,TW0002947009,2021/10/6,上櫃,居家生活,ESVUFR,
2948,寶陞,TW0002948007,2023/12/12,上櫃,居家生活,ESVUFR,
2949,欣新網,TW0002949005,2023/12/15,上櫃,數位雲端,ESVUFR,
3064,泰偉,TW0003064002,2004/6/9,上櫃,文化創意業,ESVUFR,
3066,李洲,TW0003066007,2004/12/2,上櫃,光電業,ESVUFR,
3067,全域,TW0003067005,2003/10/21,上櫃,其他電子業,ESVUFR,
3071,協禧,TW0003071007,2004/12/30,上櫃,電腦及週邊設備業,ESVUFR,
3073,天方能源,TW0003073003,2007/10/8,上櫃,綠能環保,ESVUFR,
3078,僑威,TW0003078002,2005/1/31,上櫃,電子零組件業,ESVUFR,
3081,聯亞,TW0003081006,2015/7/22,上櫃,通信網路業,ESVUFR,
3083,網龍,TW0003083002,2003/12/2,上櫃,文化創意業,ESVUFR,
3085,新零售,TW0003085007,2004/3/1,上櫃,數位雲端,ESVUFR,
3086,華義,TW0003086005,2004/3/29,上櫃,文化創意業,ESVUFR,
3088,艾訊,TW0003088001,2005/4/28,上櫃,電腦及週邊設備業,ESVUFR,
3093,港建*,TW0003093001,2005/6/17,上櫃,其他電子業,ESVUFR,
3095,及成,TW0003095006,2005/5/26,上櫃,通信網路業,ESVUFR,
3105,穩懋,TW0003105003,2011/12/13,上櫃,半導體業,ESVUFR,
3114,好德,TW0003114005,2004/3/25,上櫃,電子零組件業,ESVUFR,
3115,富榮綱,TW0003115002,2005/4/8,上櫃,電子零組件業,ESVUFR,
3118,進階,TW0003118006,2008/5/21,上櫃,生技醫療業,ESVUFR,
3122,笙泉,TW0003122008,2015/1/26,上櫃,半導體業,ESVUFR,
3128,昇銳,TW0003128005,2006/9/4,上櫃,光電業,ESVUFR,
3131,弘塑,TW0003131009,2011/1/17,上櫃,其他電子業,ESVUFR,
3141,晶宏,TW0003141008,2014/3/14,上櫃,半導體業,ESVUFR,
3147,大綜,TW0003147005,2018/5/29,上櫃,資訊服務業,ESVUFR,
3152,璟德,TW0003152005,2008/3/24,上櫃,通信網路業,ESVUFR,
3162,精確,TW0003162004,2005/10/3,上櫃,電機機械,ESVUFR,
3163,波若威,TW0003163002,2012/12/3,上櫃,通信網路業,ESVUFR,
3169,亞信,TW0003169009,2009/11/24,上櫃,半導體業,ESVUFR,
3171,炎洲流通,TW0003171005,2004/9/17,上櫃,居家生活,ESVUFR,
3176,基亞,TW0003176004,2011/11/23,上櫃,生技醫療業,ESVUFR,
3178,公準,TW0003178000,2018/11/19,上櫃,半導體業,ESVUFR,
3188,鑫龍騰,TW0003188009,2004/3/17,上櫃,建材營造業,ESVUFR,
3191,雲嘉南,TW0003191003,2005/4/12,上櫃,電子零組件業,ESVUFR,
3205,佰研,TW0003205001,2005/9/12,上櫃,生技醫療業,ESVUFR,
3206,志豐,TW0003206009,2007/2/8,上櫃,電子零組件業,ESVUFR,
3207,耀勝,TW0003207007,2004/11/4,上櫃,電子零組件業,ESVUFR,
3211,順達,TW0003211009,2004/11/8,上櫃,電腦及週邊設備業,ESVUFR,
3213,茂訊,TW0003213005,2004/10/1,上櫃,電腦及週邊設備業,ESVUFR,
3217,優群,TW0003217006,2004/4/30,上櫃,電子零組件業,ESVUFR,
3218,大學光,TW0003218004,2004/11/29,上櫃,生技醫療業,ESVUFR,
3219,倚強科,TW0003219002,2004/3/19,上櫃,其他電子業,ESVUFR,
3221,台嘉碩,TW0003221008,2006/2/22,上櫃,通信網路業,ESVUFR,
3224,三顧,TW0003224002,2004/6/3,上櫃,電子通路業,ESVUFR,
3226,龍鋒,TW0003226007,2004/6/16,上櫃,電機機械,ESVUFR,
3227,原相,TW0003227005,2006/5/4,上櫃,半導體業,ESVUFR,
3228,金麗科,TW0003228003,2005/3/2,上櫃,半導體業,ESVUFR,
3230,錦明,TW0003230009,2006/9/25,上櫃,光電業,ESVUFR,
3232,昱捷,TW0003232005,2004/11/1,上櫃,電子通路業,ESVUFR,
3234,光環,TW0003234001,2011/3/24,上櫃,通信網路業,ESVUFR,
3236,千如,TW0003236006,2004/12/2,上櫃,電子零組件業,ESVUFR,
3252,海灣,TW0003252003,2004/9/23,上櫃,觀光餐旅,ESVUFR,
3259,鑫創,TW0003259008,2007/12/24,上櫃,半導體業,ESVUFR,
3260,威剛,TW0003260006,2004/10/8,上櫃,半導體業,ESVUFR,
3264,欣銓,TW0003264008,2005/1/5,上櫃,半導體業,ESVUFR,
3265,台星科,TW0003265005,2005/8/2,上櫃,半導體業,ESVUFR,
3268,海德威,TW0003268009,2005/1/27,上櫃,半導體業,ESVUFR,
3272,東碩,TW0003272001,2014/8/26,上櫃,電腦及週邊設備業,ESVUFR,
3276,宇環,TW0003276002,2005/1/12,上櫃,電子零組件業,ESVUFR,
3284,太普高,TW0003284006,2005/3/22,上櫃,其他業,ESVUFR,
3285,微端,TW0003285003,2012/7/23,上櫃,其他電子業,ESVUFR,
3287,廣寰科,TW0003287009,2008/1/28,上櫃,電腦及週邊設備業,ESVUFR,
3288,點晶,TW0003288007,2005/4/15,上櫃,電子零組件業,ESVUFR,
3289,宜特,TW0003289005,2004/12/28,上櫃,其他電子業,ESVUFR,
3290,東浦,TW0003290003,2005/5/19,上櫃,電子零組件業,ESVUFR,
3293,鈊象,TW0003293007,2006/7/12,上櫃,文化創意業,ESVUFR,
3294,英濟,TW0003294005,2007/4/27,上櫃,電子零組件業,ESVUFR,
3297,杭特,TW0003297008,2005/6/7,上櫃,光電業,ESVUFR,
3303,岱稜,TW0003303004,2007/5/28,上櫃,其他電子業,ESVUFR,
3306,鼎天,TW0003306007,2005/7/5,上櫃,通信網路業,ESVUFR,
3310,佳穎,TW0003310009,2008/6/27,上櫃,電子零組件業,ESVUFR,
3313,斐成,TW0003313003,2006/5/29,上櫃,其他業,ESVUFR,
3317,尼克森,TW0003317004,2007/8/9,上櫃,半導體業,ESVUFR,
3322,建舜電,TW0003322004,2009/5/20,上櫃,電子零組件業,ESVUFR,
3323,加百裕,TW0003323002,2007/6/25,上櫃,電腦及週邊設備業,ESVUFR,
3324,雙鴻,TW0003324000,2005/5/13,上櫃,其他電子業,ESVUFR,
3325,旭品,TW0003325007,2005/8/15,上櫃,電腦及週邊設備業,ESVUFR,
3332,幸康,TW0003332003,2008/1/24,上櫃,電子零組件業,ESVUFR,
3339,泰谷,TW0003339008,2006/6/27,上櫃,光電業,ESVUFR,
3349,寶德,TW0003349007,2022/3/23,上櫃,電腦及週邊設備業,ESVUFR,
3354,律勝,TW0003354007,2005/12/8,上櫃,電子零組件業,ESVUFR,
3357,臺慶科,TW0003357000,2021/4/27,上櫃,電子零組件業,ESVUFR,
3360,尚立,TW0003360004,2006/6/6,上櫃,電子通路業,ESVUFR,
3362,先進光,TW0003362000,2005/9/6,上櫃,光電業,ESVUFR,
3363,上詮,TW0003363008,2011/2/25,上櫃,通信網路業,ESVUFR,
3372,典範,TW0003372009,2005/12/16,上櫃,半導體業,ESVUFR,
3373,熱映,TW0003373007,2007/12/13,上櫃,其他電子業,ESVUFR,
3374,精材,TW0003374005,2015/3/30,上櫃,半導體業,ESVUFR,
3379,彬台,TW0003379004,2011/10/20,上櫃,電機機械,ESVUFR,
3388,崇越電,TW0003388005,2006/2/22,上櫃,電子零組件業,ESVUFR,
3390,旭軟,TW0003390001,2006/2/22,上櫃,電子零組件業,ESVUFR,
3402,漢科,TW0003402004,2007/1/9,上櫃,其他電子業,ESVUFR,
3426,台興,TW0003426003,2016/12/21,上櫃,電機機械,ESVUFR,
3430,奇鈦科,TW0003430005,2022/9/8,上櫃,化學工業,ESVUFR,
3434,哲固,TW0003434007,2008/1/28,上櫃,光電業,ESVUFR,
3438,類比科,TW0003438008,2006/7/19,上櫃,半導體業,ESVUFR,
3441,聯一光,TW0003441002,2010/10/4,上櫃,光電業,ESVUFR,
3444,利機,TW0003444006,2008/9/26,上櫃,電子通路業,ESVUFR,
3455,由田,TW0003455002,2007/12/27,上櫃,光電業,ESVUFR,
3465,進泰電子,TW0003465001,2008/1/28,上櫃,其他電子業,ESVUFR,
3466,德晉,TW0003466009,2006/5/17,上櫃,通信網路業,ESVUFR,
3467,台灣精材,TW0003467007,2025/3/25,上櫃,半導體業,ESVUFR,
3479,安勤,TW0003479002,2010/6/8,上櫃,電腦及週邊設備業,ESVUFR,
3483,力致,TW0003483004,2006/12/18,上櫃,電腦及週邊設備業,ESVUFR,
3484,崧騰,TW0003484002,2007/11/9,上櫃,電子零組件業,ESVUFR,
3489,森寶,TW0003489001,2007/9/29,上櫃,建材營造業,ESVUFR,
3490,單井,TW0003490009,2007/10/15,上櫃,光電業,ESVUFR,
3491,昇達科,TW0003491007,2008/1/3,上櫃,通信網路業,ESVUFR,
3492,長盛,TW0003492005,2015/5/18,上櫃,電子零組件業,ESVUFR,
3498,陽程,TW0003498002,2007/9/11,上櫃,其他電子業,ESVUFR,
3499,環天科,TW0003499000,2006/10/19,上櫃,通信網路業,ESVUFR,
3508,位速,TW0003508008,2007/10/17,上櫃,其他電子業,ESVUFR,
3511,矽瑪,TW0003511002,2009/2/16,上櫃,電子零組件業,ESVUFR,
3512,皇龍,TW0003512000,2007/7/25,上櫃,建材營造業,ESVUFR,
3516,亞帝歐,TW0003516001,2007/11/29,上櫃,光電業,ESVUFR,
3520,華盈,TW0003520003,2007/10/12,上櫃,電子零組件業,ESVUFR,
3521,鴻翊,TW0003521001,2025/6/2,上櫃,建材營造業,ESVUFR,
3522,御嵿,TW0003522009,2007/10/15,上櫃,觀光餐旅,ESVUFR,
3523,迎輝,TW0003523007,2007/11/16,上櫃,光電業,ESVUFR,
3526,凡甲,TW0003526000,2007/11/2,上櫃,電子零組件業,ESVUFR,
3527,聚積,TW0003527008,2007/10/29,上櫃,半導體業,ESVUFR,
3529,力旺,TW0003529004,2011/1/24,上櫃,半導體業,ESVUFR,
3531,先益,TW0003531000,2008/4/8,上櫃,光電業,ESVUFR,
3537,堡達,TW0003537007,2010/1/25,上櫃,電子零組件業,ESVUFR,
3540,曜越,TW0003540001,2007/12/12,上櫃,電腦及週邊設備業,ESVUFR,
3541,西柏,TW0003541009,2009/12/22,上櫃,其他電子業,ESVUFR,
3546,宇峻,TW0003546008,2008/4/18,上櫃,文化創意業,ESVUFR,
3548,兆利,TW0003548004,2008/3/27,上櫃,電子零組件業,ESVUFR,
3551,世禾,TW0003551008,2008/4/15,上櫃,綠能環保,ESVUFR,
3552,同致,TW0003552006,2009/1/7,上櫃,其他電子業,ESVUFR,
3555,博士旺,TW0003555009,2011/11/8,上櫃,半導體業,ESVUFR,
3556,禾瑞亞,TW0003556007,2008/4/15,上櫃,半導體業,ESVUFR,
3558,神準,TW0003558003,2013/12/30,上櫃,通信網路業,ESVUFR,
3564,其陽,TW0003564001,2013/12/3,上櫃,通信網路業,ESVUFR,
3567,逸昌,TW0003567004,2010/11/22,上櫃,半導體業,ESVUFR,
3570,大塚,TW0003570008,2008/10/23,上櫃,資訊服務業,ESVUFR,
3577,泓格,TW0003577003,2009/1/6,上櫃,電腦及週邊設備業,ESVUFR,
3580,友威科,TW0003580007,2010/7/9,上櫃,其他電子業,ESVUFR,
3581,博磊,TW0003581005,2015/1/20,上櫃,半導體業,ESVUFR,
3587,閎康,TW0003587002,2009/8/18,上櫃,其他電子業,ESVUFR,
3594,磐儀,TW0003594008,2013/5/7,上櫃,電腦及週邊設備業,ESVUFR,
3597,映興,TW0003597001,2020/3/9,上櫃,電子零組件業,ESVUFR,
3609,三一東林,TW0003609004,2011/1/11,上櫃,電子零組件業,ESVUFR,
3611,鼎翰,TW0003611000,2008/11/26,上櫃,電腦及週邊設備業,ESVUFR,
3615,安可,TW0003615001,2009/4/15,上櫃,光電業,ESVUFR,
3623,富晶通,TW0003623005,2010/4/28,上櫃,光電業,ESVUFR,
3624,光頡,TW0003624003,2011/3/16,上櫃,電子零組件業,ESVUFR,
3625,西勝,TW0003625000,2009/10/28,上櫃,電腦及週邊設備業,ESVUFR,
3628,盈正,TW0003628004,2010/9/9,上櫃,其他電子業,ESVUFR,
3629,地心引力,TW0003629002,2020/6/1,上櫃,文化創意業,ESVUFR,
3630,新鉅科,TW0003630000,2010/4/26,上櫃,光電業,ESVUFR,
3631,晟楠,TW0003631008,2010/12/20,上櫃,電子零組件業,ESVUFR,
3632,研勤,TW0003632006,2011/1/11,上櫃,通信網路業,ESVUFR,
3646,艾恩特,TW0003646006,2012/3/27,上櫃,電子零組件業,ESVUFR,
3663,鑫科,TW0003663001,2012/11/20,上櫃,其他電子業,ESVUFR,
3664,安瑞-KY,KYG0550W1069,2010/6/24,上櫃,通信網路業,ESVUFR,
3666,光耀,TW0003666004,2014/12/4,上櫃,光電業,ESVUFR,
3672,康聯訊,TW0003672002,2015/4/20,上櫃,通信網路業,ESVUFR,
3675,德微,TW0003675005,2012/6/29,上櫃,半導體業,ESVUFR,
3680,家登,TW0003680005,2011/8/31,上櫃,半導體業,ESVUFR,
3684,榮昌,TW0003684007,2014/3/28,上櫃,通信網路業,ESVUFR,
3685,元創精密,TW0003685004,2010/12/8,上櫃,電機機械,ESVUFR,
3687,歐買尬,TW0003687000,2020/6/1,上櫃,數位雲端,ESVUFR,
3689,湧德,TW0003689006,2012/10/18,上櫃,電子零組件業,ESVUFR,
3691,碩禾,TW0003691002,2010/11/18,上櫃,光電業,ESVUFR,
3693,營邦,TW0003693008,2013/11/27,上櫃,電腦及週邊設備業,ESVUFR,
3707,漢磊,TW0003707006,2014/10/1,上櫃,半導體業,ESVUFR,
3709,鑫聯大投控,TW0003709002,1999/4/16,上櫃,電腦及週邊設備業,ESVUFR,
3710,連展投控,TW0003710000,2017/12/29,上櫃,電子零組件業,ESVUFR,
3713,新晶投控,TW0003713004,2020/2/27,上櫃,綠能環保,ESVUFR,
4102,永日,TW0004102009,2001/3/20,上櫃,生技醫療業,ESVUFR,
4105,東洋,TW0004105002,2001/9/27,上櫃,生技醫療業,ESVUFR,
4107,邦特,TW0004107008,2002/3/4,上櫃,生技醫療業,ESVUFR,
4109,加捷生醫,TW0004109004,2002/8/8,上櫃,生技醫療業,ESVUFR,
4111,濟生,TW0004111000,1999/3/6,上櫃,生技醫療業,ESVUFR,
4113,聯上,TW0004113006,2003/7/22,上櫃,建材營造業,ESVUFR,
4114,健喬,TW0004114004,2003/5/12,上櫃,生技醫療業,ESVUFR,
4116,明基醫,TW0004116009,2015/12/16,上櫃,生技醫療業,ESVUFR,
4120,友華,TW0004120001,2003/11/5,上櫃,生技醫療業,ESVUFR,
4121,優盛,TW0004121009,2003/7/25,上櫃,生技醫療業,ESVUFR,
4123,晟德,TW0004123005,2003/10/7,上櫃,生技醫療業,ESVUFR,
4126,太醫,TW0004126008,2004/2/9,上櫃,生技醫療業,ESVUFR,
4127,天良,TW0004127006,2005/7/29,上櫃,生技醫療業,ESVUFR,
4128,中天,TW0004128004,2006/6/9,上櫃,生技醫療業,ESVUFR,
4129,聯合,TW0004129002,2004/9/29,上櫃,生技醫療業,ESVUFR,
4130,健亞,TW0004130000,2012/1/12,上櫃,生技醫療業,ESVUFR,
4131,浩泰,TW0004131008,2004/4/9,上櫃,生技醫療業,ESVUFR,
4138,曜亞,TW0004138003,2010/12/29,上櫃,生技醫療業,ESVUFR,
4139,馬光-KY,KYG5831M1087,2011/4/29,上櫃,生技醫療業,ESVUFR,
4147,中裕,TW0004147004,2015/11/23,上櫃,生技醫療業,ESVUFR,
4153,鈺緯,TW0004153002,2013/5/23,上櫃,生技醫療業,ESVUFR,
4154,樂威科-KY,KYG527551082,2011/12/28,上櫃,其他業,ESVUFR,
4157,太景*-KY,KYG866171005,2013/8/30,上櫃,生技醫療業,ESVUFR,
4160,訊聯基因,TW0004160007,2012/9/17,上櫃,生技醫療業,ESVUFR,
4161,聿新科,TW0004161005,2013/6/26,上櫃,生技醫療業,ESVUFR,
4162,智擎,TW0004162003,2012/9/18,上櫃,生技醫療業,ESVUFR,
4163,鐿鈦,TW0004163001,2012/11/15,上櫃,生技醫療業,ESVUFR,
4166,友霖,TW0004166004,2025/8/21,上櫃,生技醫療業,ESVUFR,
4167,松瑞藥,TW0004167002,2015/9/8,上櫃,生技醫療業,ESVUFR,
4168,醣聯,TW0004168000,2012/12/18,上櫃,生技醫療業,ESVUFR,
4171,瑞基,TW0004171004,2018/3/28,上櫃,農業科技業,ESVUFR,
4173,久裕,TW0004173000,2013/10/31,上櫃,生技醫療業,ESVUFR,
4174,浩鼎,TW0004174008,2015/3/23,上櫃,生技醫療業,ESVUFR,
4175,杏一,TW0004175005,2014/4/23,上櫃,生技醫療業,ESVUFR,
4183,福永生技,TW0004183009,2017/3/9,上櫃,生技醫療業,ESVUFR,
4188,安克,TW0004188008,2015/3/24,上櫃,生技醫療業,ESVUFR,
4192,杏國,TW0004192000,2014/10/28,上櫃,生技醫療業,ESVUFR,
4198,欣大健康,TW0004198007,2014/12/23,上櫃,生技醫療業,ESVUFR,
4205,中華食,TW0004205000,1999/1/31,上櫃,食品工業,ESVUFR,
4207,環泰,TW0004207006,2000/1/21,上櫃,食品工業,ESVUFR,
4303,信立,TW0004303003,1999/3/10,上櫃,塑膠工業,ESVUFR,
4304,勝昱,TW0004304001,2000/1/27,上櫃,塑膠工業,ESVUFR,
4305,世坤,TW0004305008,2000/9/28,上櫃,塑膠工業,ESVUFR,
4401,東隆興,TW0004401005,1996/5/9,上櫃,紡織纖維,ESVUFR,
4402,郡都開發,TW0004402003,1997/7/23,上櫃,紡織纖維,ESVUFR,
4406,新昕纖,TW0004406004,1999/1/14,上櫃,紡織纖維,ESVUFR,
4413,飛寶企業,TW0004413000,1999/7/29,上櫃,紡織纖維,ESVUFR,
4416,三圓,TW0004416003,2000/5/6,上櫃,建材營造業,ESVUFR,
4417,金洲,TW0004417001,2000/11/7,上櫃,紡織纖維,ESVUFR,
4419,皇家美食,TW0004419007,2001/6/26,上櫃,觀光餐旅,ESVUFR,
4420,光明,TW0004420005,2002/4/18,上櫃,紡織纖維,ESVUFR,
4430,耀億,TW0004430004,2011/6/9,上櫃,其他業,ESVUFR,
4432,銘旺實,TW0004432000,2012/11/26,上櫃,紡織纖維,ESVUFR,
4433,興采,TW0004433008,2014/11/3,上櫃,紡織纖維,ESVUFR,
4442,竣邦-KY,KYG5001G1055,2023/11/29,上櫃,紡織纖維,ESVUFR,
4502,健信,TW0004502000,1995/12/12,上櫃,電機機械,ESVUFR,
4503,金雨,TW0004503008,1996/12/19,上櫃,電機機械,ESVUFR,
4506,崇友,TW0004506001,1997/12/6,上櫃,電機機械,ESVUFR,
4510,高鋒,TW0004510003,1998/2/24,上櫃,電機機械,ESVUFR,
4513,福裕,TW0004513007,1998/3/25,上櫃,電機機械,ESVUFR,
4523,永彰,TW0004523006,1999/11/22,上櫃,電機機械,ESVUFR,
4527,方土霖,TW0004527007,2000/9/28,上櫃,電機機械,ESVUFR,
4528,江興鍛,TW0004528005,2001/2/12,上櫃,電機機械,ESVUFR,
4529,淳紳,TW0004529003,2001/5/4,上櫃,其他業,ESVUFR,
4530,宏易,TW0004530001,2001/4/30,上櫃,觀光餐旅,ESVUFR,
4533,協易機,TW0004533005,2002/4/26,上櫃,電機機械,ESVUFR,
4534,慶騰,TW0004534003,2003/3/31,上櫃,電機機械,ESVUFR,
4535,至興,TW0004535000,2003/4/16,上櫃,電機機械,ESVUFR,
4538,大詠城,TW0004538004,2019/1/15,上櫃,電機機械,ESVUFR,
4541,晟田,TW0004541008,2014/7/22,上櫃,其他業,ESVUFR,
4542,科嶠,TW0004542006,2014/8/25,上櫃,電子零組件業,ESVUFR,
4543,萬在,TW0004543004,2016/3/15,上櫃,電機機械,ESVUFR,
4549,桓達,TW0004549001,2014/11/27,上櫃,電機機械,ESVUFR,
4550,長佳,TW0004550009,2015/3/18,上櫃,電機機械,ESVUFR,
4554,橙的,TW0004554001,2016/8/5,上櫃,其他電子業,ESVUFR,
4556,旭然,TW0004556006,2015/12/22,上櫃,其他業,ESVUFR,
4558,寶緯,TW0004558002,2022/3/17,上櫃,電機機械,ESVUFR,
4561,健椿,TW0004561006,2018/6/11,上櫃,電機機械,ESVUFR,
4563,百德,TW0004563002,2018/7/12,上櫃,電機機械,ESVUFR,
4568,科際精密,TW0004568001,2018/10/3,上櫃,電機機械,ESVUFR,
4577,達航科技,TW0004577002,2022/6/14,上櫃,其他電子業,ESVUFR,
4580,捷流閥業,TW0004580006,2020/1/6,上櫃,電機機械,ESVUFR,
4584,君帆,TW0004584008,2022/10/5,上櫃,電機機械,ESVUFR,
4609,唐鋒,TW0004609003,2000/5/19,上櫃,居家生活,ESVUFR,
4702,中美實,TW0004702006,1995/4/21,上櫃,居家生活,ESVUFR,
4706,大恭,TW0004706007,1998/4/17,上櫃,化學工業,ESVUFR,
4707,磐亞,TW0004707005,1998/5/20,上櫃,化學工業,ESVUFR,
4711,永純,TW0004711007,1999/2/24,上櫃,化學工業,ESVUFR,
4714,永捷,TW0004714001,2000/3/27,上櫃,化學工業,ESVUFR,
4716,大立,TW0004716006,2000/3/27,上櫃,化學工業,ESVUFR,
4721,美琪瑪,TW0004721006,2001/3/9,上櫃,化學工業,ESVUFR,
4726,永昕,TW0004726005,2013/12/25,上櫃,生技醫療業,ESVUFR,
4728,雙美,TW0004728001,2012/1/10,上櫃,生技醫療業,ESVUFR,
4729,熒茂,TW0004729009,2009/2/24,上櫃,光電業,ESVUFR,
4735,豪展,TW0004735006,2011/8/16,上櫃,生技醫療業,ESVUFR,
4741,泓瀚,TW0004741004,2017/9/26,上櫃,化學工業,ESVUFR,
4743,合一,TW0004743000,2011/9/23,上櫃,生技醫療業,ESVUFR,
4744,皇將,TW0004744008,2018/7/12,上櫃,生技醫療業,ESVUFR,
4745,合富-KY,KYG248111042,2013/1/30,上櫃,生技醫療業,ESVUFR,
4747,強生,TW0004747001,2013/12/25,上櫃,生技醫療業,ESVUFR,
4749,新應材,TW0004749007,2025/1/17,上櫃,半導體業,ESVUFR,
4754,國碳科,TW0004754007,2016/9/28,上櫃,化學工業,ESVUFR,
4760,勤凱,TW0004760004,2019/3/21,上櫃,其他電子業,ESVUFR,
4767,誠泰科技,TW0004767009,2018/10/29,上櫃,化學工業,ESVUFR,
4768,晶呈科技,TW0004768007,2022/4/13,上櫃,化學工業,ESVUFR,
4772,台特化,TW0004772009,2024/9/20,上櫃,化學工業,ESVUFR,
4804,大略-KY,KYG2646C1024,2015/12/4,上櫃,觀光餐旅,ESVUFR,
4806,桂田文創,TW0004806005,2016/3/9,上櫃,文化創意業,ESVUFR,
4903,聯光通,TW0004903000,2001/5/14,上櫃,通信網路業,ESVUFR,
4905,台聯電,TW0004905005,2001/12/7,上櫃,通信網路業,ESVUFR,
4907,富宇,TW0004907001,2002/3/4,上櫃,建材營造業,ESVUFR,
4908,前鼎,TW0004908009,2002/2/27,上櫃,通信網路業,ESVUFR,
4909,新復興,TW0004909007,2002/11/28,上櫃,通信網路業,ESVUFR,
4911,德英,TW0004911003,2011/3/21,上櫃,生技醫療業,ESVUFR,
4923,力士,TW0004923008,2022/3/14,上櫃,半導體業,ESVUFR,
4924,欣厚-KY,KYG4642A1067,2011/10/18,上櫃,電腦及週邊設備業,ESVUFR,
4931,新盛力,TW0004931001,2019/9/17,上櫃,電腦及週邊設備業,ESVUFR,
4933,友輝,TW0004933007,2010/5/4,上櫃,光電業,ESVUFR,
4939,亞電,TW0004939004,2011/9/19,上櫃,電子零組件業,ESVUFR,
4946,辣椒,TW0004946009,2011/6/10,上櫃,文化創意業,ESVUFR,
4950,金耘國際,TW0004950001,2012/4/27,上櫃,鋼鐵工業,ESVUFR,
4951,精拓科,TW0004951009,2022/11/3,上櫃,半導體業,ESVUFR,
4953,緯軟,TW0004953005,2014/1/8,上櫃,資訊服務業,ESVUFR,
4966,譜瑞-KY,KYG6892A1085,2011/9/13,上櫃,半導體業,ESVUFR,
4971,IET-KY,KYG480071011,2013/7/24,上櫃,半導體業,ESVUFR,
4972,湯石照明,TW0004972005,2013/6/17,上櫃,光電業,ESVUFR,
4973,廣穎,TW0004973003,2012/6/19,上櫃,半導體業,ESVUFR,
4974,亞泰,TW0004974001,2011/11/29,上櫃,電子零組件業,ESVUFR,
4979,華星光,TW0004979000,2011/12/12,上櫃,通信網路業,ESVUFR,
4987,科誠,TW0004987003,2012/3/21,上櫃,電腦及週邊設備業,ESVUFR,
4991,環宇-KY,KYG377541019,2014/9/15,上櫃,半導體業,ESVUFR,
4995,晶達,TW0004995006,2012/5/9,上櫃,光電業,ESVUFR,
5009,榮剛,TW0005009005,1998/10/17,上櫃,鋼鐵工業,ESVUFR,
5011,久陽,TW0005011001,1999/5/6,上櫃,鋼鐵工業,ESVUFR,
5013,強新,TW0005013007,2000/5/8,上櫃,鋼鐵工業,ESVUFR,
5014,建錩,TW0005014005,2001/2/15,上櫃,鋼鐵工業,ESVUFR,
5015,華祺,TW0005015002,2000/12/15,上櫃,鋼鐵工業,ESVUFR,
5016,松和,TW0005016000,2001/3/5,上櫃,鋼鐵工業,ESVUFR,
5201,凱衛,TW0005201008,2000/10/12,上櫃,資訊服務業,ESVUFR,
5202,力新,TW0005202006,2000/10/18,上櫃,資訊服務業,ESVUFR,
5205,中茂,TW0005205009,2001/5/14,上櫃,綠能環保,ESVUFR,
5206,坤悅,TW0005206007,2001/10/8,上櫃,建材營造業,ESVUFR,
5209,新鼎,TW0005209001,2002/2/25,上櫃,其他業,ESVUFR,
5210,寶碩,TW0005210009,2002/4/25,上櫃,資訊服務業,ESVUFR,
5211,蒙恬,TW0005211007,2002/12/23,上櫃,資訊服務業,ESVUFR,
5212,凌網,TW0005212005,2003/3/24,上櫃,資訊服務業,ESVUFR,
5213,亞昕,TW0005213003,2003/4/24,上櫃,建材營造業,ESVUFR,
5220,萬達光電,TW0005220008,2018/4/26,上櫃,光電業,ESVUFR,
5223,安力-KY,KYG0458G1047,2018/7/2,上櫃,電腦及週邊設備業,ESVUFR,
5227,立凱-KY,KYG0100G1064,2013/12/9,上櫃,電子零組件業,ESVUFR,
5228,鈺鎧,TW0005228001,2022/5/20,上櫃,電子零組件業,ESVUFR,
5230,雷笛克光學,TW0005230007,2012/6/5,上櫃,光電業,ESVUFR,
5236,凌陽創新,TW0005236004,2021/7/29,上櫃,半導體業,ESVUFR,
5245,智晶,TW0005245005,2015/5/25,上櫃,光電業,ESVUFR,
5251,天鉞電,TW0005251003,2012/11/26,上櫃,光電業,ESVUFR,
5263,智崴,TW0005263008,2012/12/18,上櫃,文化創意業,ESVUFR,
5272,笙科,TW0005272009,2013/5/30,上櫃,半導體業,ESVUFR,
5274,信驊,TW0005274005,2013/4/30,上櫃,半導體業,ESVUFR,
5276,達輝-KY,KYG2743W1006,2014/6/12,上櫃,其他業,ESVUFR,
5278,尚凡*,TW0005278006,2013/6/4,上櫃,數位雲端,ESVUFR,
5287,數字,TW0005287007,2014/1/20,上櫃,數位雲端,ESVUFR,
5289,宜鼎,TW0005289003,2013/11/27,上櫃,電腦及週邊設備業,ESVUFR,
5291,邑昇,TW0005291009,2014/12/23,上櫃,電子零組件業,ESVUFR,
5299,杰力,TW0005299002,2018/1/23,上櫃,半導體業,ESVUFR,
5301,寶得利,TW0005301006,1990/6/25,上櫃,觀光餐旅,ESVUFR,
5302,太欣,TW0005302004,1991/1/17,上櫃,半導體業,ESVUFR,
5309,系統電,TW0005309009,1996/3/18,上櫃,電子零組件業,ESVUFR,
5310,天剛,TW0005310007,1996/4/9,上櫃,資訊服務業,ESVUFR,
5312,寶島科,TW0005312003,1996/5/25,上櫃,生技醫療業,ESVUFR,
5314,世紀*,TW0005314009,1996/9/16,上櫃,其他業,ESVUFR,
5315,光聯,TW0005315006,1996/11/2,上櫃,光電業,ESVUFR,
5321,美而快,TW0005321004,1996/12/30,上櫃,數位雲端,ESVUFR,
5324,士開,TW0005324008,1997/1/30,上櫃,建材營造業,ESVUFR,
5328,華容,TW0005328009,1997/8/28,上櫃,電子零組件業,ESVUFR,
5340,建榮,TW0005340004,1998/1/20,上櫃,電子零組件業,ESVUFR,
5344,立衛,TW0005344006,1998/3/23,上櫃,半導體業,ESVUFR,
5345,馥鴻,TW0005345003,1998/3/23,上櫃,其他業,ESVUFR,
5347,世界,TW0005347009,1998/3/25,上櫃,半導體業,ESVUFR,
5348,正能量智能,TW0005348007,2025/6/2,上櫃,運動休閒,ESVUFR,
5351,鈺創,TW0005351001,1998/5/15,上櫃,半導體業,ESVUFR,
5353,台林,TW0005353007,1998/5/18,上櫃,通信網路業,ESVUFR,
5355,佳總,TW0005355002,1998/6/23,上櫃,電子零組件業,ESVUFR,
5356,協益,TW0005356000,1998/7/20,上櫃,電腦及週邊設備業,ESVUFR,
5364,力麗店,TW0005364004,2013/8/26,上櫃,觀光餐旅,ESVUFR,
5371,中光電,TW0005371009,1999/1/20,上櫃,光電業,ESVUFR,
5381,合正,TW0005381008,1999/3/19,上櫃,電子零組件業,ESVUFR,
5386,青雲,TW0005386007,1999/5/13,上櫃,電腦及週邊設備業,ESVUFR,
5392,能率,TW0005392005,1999/6/14,上櫃,光電業,ESVUFR,
5398,慕康生醫,TW0005398002,1999/10/11,上櫃,其他業,ESVUFR,
5403,中菲,TW0005403000,1999/10/15,上櫃,資訊服務業,ESVUFR,
5410,國眾,TW0005410005,1999/11/26,上櫃,資訊服務業,ESVUFR,
5425,台半,TW0005425003,2000/2/21,上櫃,半導體業,ESVUFR,
5426,振發,TW0005426001,2000/2/9,上櫃,電腦及週邊設備業,ESVUFR,
5432,新門,TW0005432009,2000/3/21,上櫃,綠能環保,ESVUFR,
5438,東友,TW0005438006,2000/6/17,上櫃,電腦及週邊設備業,ESVUFR,
5439,高技,TW0005439004,2000/6/26,上櫃,電子零組件業,ESVUFR,
5443,均豪,TW0005443006,1998/2/9,上櫃,半導體業,ESVUFR,
5450,南良,TW0005450001,2020/6/1,上櫃,其他業,ESVUFR,
5452,佶優,TW0005452007,2000/10/2,上櫃,其他電子業,ESVUFR,
5455,昇益,TW0005455000,2000/10/19,上櫃,建材營造業,ESVUFR,
5457,宣德,TW0005457006,2000/9/29,上櫃,電子零組件業,ESVUFR,
5460,同協,TW0005460000,2000/9/28,上櫃,電子零組件業,ESVUFR,
5464,霖宏,TW0005464002,2000/11/8,上櫃,電子零組件業,ESVUFR,
5465,富驊,TW0005465009,2000/11/8,上櫃,電腦及週邊設備業,ESVUFR,
5468,凱鈺,TW0005468003,2001/1/17,上櫃,半導體業,ESVUFR,
5474,聰泰,TW0005474001,2001/3/20,上櫃,電腦及週邊設備業,ESVUFR,
5475,德宏,TW0005475008,2001/1/16,上櫃,電子零組件業,ESVUFR,
5478,智冠,TW0005478002,2001/3/29,上櫃,文化創意業,ESVUFR,
5481,新華,TW0005481006,2020/6/1,上櫃,其他業,ESVUFR,
5483,中美晶,TW0005483002,2001/3/2,上櫃,半導體業,ESVUFR,
5487,通泰,TW0005487003,2001/2/20,上櫃,半導體業,ESVUFR,
5488,松普,TW0005488001,2001/3/12,上櫃,電子零組件業,ESVUFR,
5489,彩富,TW0005489009,2001/3/12,上櫃,其他電子業,ESVUFR,
5490,同亨,TW0005490007,2001/5/14,上櫃,電腦及週邊設備業,ESVUFR,
5493,三聯,TW0005493001,2001/5/3,上櫃,其他電子業,ESVUFR,
5498,凱崴,TW0005498000,2001/3/29,上櫃,電子零組件業,ESVUFR,
5508,永信建,TW0005508006,1998/5/13,上櫃,建材營造業,ESVUFR,
5511,德昌,TW0005511000,1998/12/9,上櫃,建材營造業,ESVUFR,
5512,力麒,TW0005512008,1998/12/4,上櫃,建材營造業,ESVUFR,
5514,三豐,TW0005514004,1998/12/29,上櫃,建材營造業,ESVUFR,
5516,雙喜,TW0005516009,1999/3/23,上櫃,建材營造業,ESVUFR,
5520,力泰,TW0005520001,1999/10/27,上櫃,建材營造業,ESVUFR,
5523,豐謙,TW0005523005,1999/12/27,上櫃,建材營造業,ESVUFR,
5529,鉅陞,TW0005529002,1996/1/12,上櫃,建材營造業,ESVUFR,
5530,龍巖,TW0005530000,2000/10/4,上櫃,其他業,ESVUFR,
5536,聖暉*,TW0005536007,2010/11/10,上櫃,其他電子業,ESVUFR,
5543,桓鼎-KY,KYG1676E1035,2016/5/9,上櫃,建材營造業,ESVUFR,
5548,安倉,TW0005548002,2024/3/18,上櫃,建材營造業,ESVUFR,
5601,台聯櫃,TW0005601009,1994/11/24,上櫃,航運業,ESVUFR,
5603,陸海,TW0005603005,1997/1/25,上櫃,航運業,ESVUFR,
5604,中連,TW0005604003,1997/5/22,上櫃,其他業,ESVUFR,
5609,中菲行,TW0005609002,2001/10/15,上櫃,航運業,ESVUFR,
5701,劍湖山,TW0005701007,1998/3/12,上櫃,觀光餐旅,ESVUFR,
5703,亞都,TW0005703003,1999/6/15,上櫃,觀光餐旅,ESVUFR,
5704,老爺知,TW0005704001,1999/12/21,上櫃,觀光餐旅,ESVUFR,
5864,致和證,TW0005864003,2018/4/2,上櫃,金融保險業,ESVUFR,
5878,台名,TW0005878003,2014/10/28,上櫃,金融保險業,ESVUFR,
5902,德記,TW0005902001,1998/2/7,上櫃,居家生活,ESVUFR,
5903,全家,TW0005903009,2002/2/25,上櫃,居家生活,ESVUFR,
5904,寶雅,TW0005904007,2002/9/6,上櫃,居家生活,ESVUFR,
5905,南仁湖,TW0005905004,2003/6/17,上櫃,觀光餐旅,ESVUFR,
6015,宏遠證,TW0006015001,1996/7/25,上櫃,金融保險業,ESVUFR,
6016,康和證,TW0006016009,1996/12/4,上櫃,金融保險業,ESVUFR,
6020,大展證,TW0006020001,2003/1/23,上櫃,金融保險業,ESVUFR,
6021,美好證,TW0006021009,2003/4/21,上櫃,金融保險業,ESVUFR,
6023,元大期,TW0006023005,2007/11/28,上櫃,金融保險業,ESVUFR,
6026,福邦證,TW0006026008,2016/1/27,上櫃,金融保險業,ESVUFR,
6101,寬魚國際,TW0006101009,2001/3/29,上櫃,文化創意業,ESVUFR,
6103,合邦,TW0006103005,2001/5/7,上櫃,半導體業,ESVUFR,
6104,創惟,TW0006104003,2001/5/22,上櫃,半導體業,ESVUFR,
6109,亞元,TW0006109002,2001/7/26,上櫃,通信網路業,ESVUFR,
6111,大宇資,TW0006111008,2001/8/8,上櫃,文化創意業,ESVUFR,
6113,亞矽,TW0006113004,2001/8/10,上櫃,電子通路業,ESVUFR,
6114,久威,TW0006114002,2001/9/27,上櫃,電子零組件業,ESVUFR,
6118,建達,TW0006118003,2001/10/25,上櫃,電子通路業,ESVUFR,
6121,新普,TW0006121007,2001/11/27,上櫃,電腦及週邊設備業,ESVUFR,
6122,擎邦,TW0006122005,2000/7/14,上櫃,電機機械,ESVUFR,
6123,上奇,TW0006123003,2002/1/23,上櫃,資訊服務業,ESVUFR,
6124,業強,TW0006124001,2002/3/19,上櫃,電子零組件業,ESVUFR,
6125,廣運,TW0006125008,2002/1/23,上櫃,光電業,ESVUFR,
6126,信音,TW0006126006,2002/1/18,上櫃,電子零組件業,ESVUFR,
6127,九豪,TW0006127004,2002/1/10,上櫃,電子零組件業,ESVUFR,
6129,普誠,TW0006129000,2001/12/25,上櫃,半導體業,ESVUFR,
6130,上亞科技,TW0006130008,2002/3/26,上櫃,生技醫療業,ESVUFR,
6134,萬旭,TW0006134000,2002/1/8,上櫃,電子零組件業,ESVUFR,
6138,茂達,TW0006138001,2002/1/18,上櫃,半導體業,ESVUFR,
6140,訊達,TW0006140007,2002/2/4,上櫃,資訊服務業,ESVUFR,
6143,振曜,TW0006143001,2002/1/28,上櫃,通信網路業,ESVUFR,
6144,得利影,TW0006144009,2002/1/23,上櫃,文化創意業,ESVUFR,
6146,耕興,TW0006146004,2002/1/23,上櫃,其他電子業,ESVUFR,
6147,頎邦,TW0006147002,2002/1/31,上櫃,半導體業,ESVUFR,
6148,驊宏資,TW0006148000,2002/2/1,上櫃,資訊服務業,ESVUFR,
6150,撼訊,TW0006150006,2002/3/11,上櫃,電腦及週邊設備業,ESVUFR,
6151,晉倫,TW0006151004,2002/2/25,上櫃,其他電子業,ESVUFR,
6154,順發,TW0006154008,2002/2/18,上櫃,電子通路業,ESVUFR,
6156,松上,TW0006156003,2002/2/19,上櫃,電子零組件業,ESVUFR,
6158,禾昌,TW0006158009,2002/2/19,上櫃,電子零組件業,ESVUFR,
6160,欣技,TW0006160005,2002/3/1,上櫃,電腦及週邊設備業,ESVUFR,
6161,捷波,TW0006161003,2002/3/1,上櫃,電腦及週邊設備業,ESVUFR,
6163,華電網,TW0006163009,2002/3/19,上櫃,通信網路業,ESVUFR,
6167,久正,TW0006167000,2002/3/26,上櫃,光電業,ESVUFR,
6169,昱泉,TW0006169006,2002/3/22,上櫃,文化創意業,ESVUFR,
6170,統振,TW0006170004,2002/4/16,上櫃,通信網路業,ESVUFR,
6171,大城地產,TW0006171002,2002/4/22,上櫃,建材營造業,ESVUFR,
6173,信昌電,TW0006173008,2002/4/19,上櫃,電子零組件業,ESVUFR,
6174,安,TW0006174006,2002/5/2,上櫃,電子零組件業,ESVUFR,
6175,立敦,TW0006175003,2002/6/10,上櫃,電子零組件業,ESVUFR,
6179,亞通,TW0006179005,2002/5/17,上櫃,其他業,ESVUFR,
6180,橘子,TW0006180003,2002/5/21,上櫃,文化創意業,ESVUFR,
6182,合晶,TW0006182009,2002/5/16,上櫃,半導體業,ESVUFR,
6185,幃翔,TW0006185002,2002/8/9,上櫃,電子零組件業,ESVUFR,
6186,新潤,TW0006186000,2002/8/2,上櫃,建材營造業,ESVUFR,
6187,萬潤,TW0006187008,2002/9/27,上櫃,半導體業,ESVUFR,
6188,廣明,TW0006188006,2002/8/27,上櫃,電腦及週邊設備業,ESVUFR,
6190,萬泰科,TW0006190002,1998/2/4,上櫃,通信網路業,ESVUFR,
6194,育富,TW0006194004,2002/12/5,上櫃,電子零組件業,ESVUFR,
6195,詩肯,TW0006195001,2002/10/21,上櫃,居家生活,ESVUFR,
6198,瑞築,TW0006198005,2002/12/26,上櫃,建材營造業,ESVUFR,
6199,天品,TW0006199003,2016/10/7,上櫃,其他業,ESVUFR,
6203,海韻電,TW0006203003,2002/12/26,上櫃,電子零組件業,ESVUFR,
6204,艾華,TW0006204001,2002/11/13,上櫃,電子零組件業,ESVUFR,
6207,雷科,TW0006207004,2002/12/23,上櫃,電子零組件業,ESVUFR,
6208,日揚,TW0006208002,2002/12/23,上櫃,半導體業,ESVUFR,
6210,慶生,TW0006210008,2003/2/14,上櫃,電子零組件業,ESVUFR,
6212,理銘,TW0006212004,2002/12/26,上櫃,建材營造業,ESVUFR,
6217,中探針,TW0006217003,2003/1/9,上櫃,電子零組件業,ESVUFR,
6218,豪勉,TW0006218001,2003/1/14,上櫃,通信網路業,ESVUFR,
6219,富旺,TW0006219009,2003/2/26,上櫃,建材營造業,ESVUFR,
6220,岳豐,TW0006220007,2003/1/9,上櫃,電子零組件業,ESVUFR,
6221,晉泰,TW0006221005,2003/1/6,上櫃,資訊服務業,ESVUFR,
6222,立軒,TW0006222003,2003/1/9,上櫃,光電業,ESVUFR,
6223,旺矽,TW0006223001,2003/1/6,上櫃,半導體業,ESVUFR,
6227,茂綸,TW0006227002,2003/1/14,上櫃,電子通路業,ESVUFR,
6228,全譜,TW0006228000,2003/1/21,上櫃,電腦及週邊設備業,ESVUFR,
6229,研通,TW0006229008,2003/1/14,上櫃,半導體業,ESVUFR,
6231,系微,TW0006231004,2003/1/23,上櫃,資訊服務業,ESVUFR,
6233,旺玖,TW0006233000,2003/2/20,上櫃,半導體業,ESVUFR,
6234,高僑,TW0006234008,2003/3/12,上櫃,光電業,ESVUFR,
6236,中湛,TW0006236003,2003/3/31,上櫃,其他業,ESVUFR,
6237,驊訊,TW0006237001,2003/4/21,上櫃,半導體業,ESVUFR,
6240,松崗,TW0006240005,2003/5/30,上櫃,資訊服務業,ESVUFR,
6241,易通展,TW0006241003,2003/4/8,上櫃,通信網路業,ESVUFR,
6242,立康,TW0006242001,2003/4/23,上櫃,生技醫療業,ESVUFR,
6244,茂迪,TW0006244007,2003/5/15,上櫃,光電業,ESVUFR,
6245,立端,TW0006245004,2003/5/19,上櫃,通信網路業,ESVUFR,
6246,臺龍,TW0006246002,2003/6/18,上櫃,光電業,ESVUFR,
6248,沛波,TW0006248008,2003/9/3,上櫃,鋼鐵工業,ESVUFR,
6259,百徽,TW0006259005,2003/9/17,上櫃,電子零組件業,ESVUFR,
6261,久元,TW0006261001,2004/3/29,上櫃,半導體業,ESVUFR,
6263,普萊德,TW0006263007,2003/9/17,上櫃,通信網路業,ESVUFR,
6264,富裔,TW0006264005,2004/2/24,上櫃,建材營造業,ESVUFR,
6265,方土昶,TW0006265002,2003/10/24,上櫃,電子通路業,ESVUFR,
6266,泰詠,TW0006266000,2004/4/29,上櫃,電子零組件業,ESVUFR,
6270,倍微,TW0006270002,2003/9/17,上櫃,電子通路業,ESVUFR,
6274,台燿,TW0006274004,2003/12/18,上櫃,電子零組件業,ESVUFR,
6275,元山,TW0006275001,2004/12/23,上櫃,電子零組件業,ESVUFR,
6276,安鈦克,TW0006276009,2003/10/30,上櫃,電腦及週邊設備業,ESVUFR,
6279,胡連,TW0006279003,2003/11/26,上櫃,電子零組件業,ESVUFR,
6284,佳邦,TW0006284003,2004/6/29,上櫃,電子零組件業,ESVUFR,
6290,良維,TW0006290000,2005/6/3,上櫃,電子零組件業,ESVUFR,
6291,沛亨,TW0006291008,2004/1/28,上櫃,半導體業,ESVUFR,
6292,迅德,TW0006292006,2003/11/26,上櫃,電子零組件業,ESVUFR,
6294,智基,TW0006294002,2004/1/13,上櫃,文化創意業,ESVUFR,
6411,晶焱,TW0006411002,2014/3/11,上櫃,半導體業,ESVUFR,
6417,韋僑,TW0006417009,2015/10/8,上櫃,通信網路業,ESVUFR,
6418,詠昇,TW0006418007,2019/2/18,上櫃,電子零組件業,ESVUFR,
6419,京晨科,TW0006419005,2014/12/29,上櫃,光電業,ESVUFR,
6425,易發,TW0006425002,2019/1/18,上櫃,電機機械,ESVUFR,
6432,今展科,TW0006432008,2015/5/20,上櫃,電子零組件業,ESVUFR,
6435,大中,TW0006435001,2016/1/7,上櫃,半導體業,ESVUFR,
6441,廣錠,TW0006441009,2017/9/27,上櫃,電腦及週邊設備業,ESVUFR,
6461,益得,TW0006461007,2018/3/28,上櫃,生技醫療業,ESVUFR,
6462,神盾,TW0006462005,2015/12/23,上櫃,半導體業,ESVUFR,
6465,威潤,TW0006465008,2015/11/20,上櫃,通信網路業,ESVUFR,
6469,大樹,TW0006469000,2016/3/30,上櫃,生技醫療業,ESVUFR,
6470,宇智,TW0006470008,2015/11/3,上櫃,通信網路業,ESVUFR,
6482,弘煜科,TW0006482003,2016/6/13,上櫃,文化創意業,ESVUFR,
6485,點序,TW0006485006,2015/11/17,上櫃,半導體業,ESVUFR,
6486,互動,TW0006486004,2016/9/13,上櫃,通信網路業,ESVUFR,
6488,環球晶,TW0006488000,2015/9/25,上櫃,半導體業,ESVUFR,
6492,生華科,TW0006492002,2017/4/24,上櫃,生技醫療業,ESVUFR,
6494,九齊,TW0006494008,2016/5/9,上櫃,半導體業,ESVUFR,
6496,科懋,TW0006496003,2016/1/7,上櫃,生技醫療業,ESVUFR,
6498,久禾光,TW0006498009,2025/5/20,上櫃,光電業,ESVUFR,
6499,益安,TW0006499007,2016/7/27,上櫃,生技醫療業,ESVUFR,
6506,雙邦,TW0006506009,2011/5/3,上櫃,紡織纖維,ESVUFR,
6508,惠光,TW0006508005,2004/3/22,上櫃,農業科技業,ESVUFR,
6509,聚和,TW0006509003,2004/4/12,上櫃,化學工業,ESVUFR,
6510,精測,TW0006510001,2016/3/24,上櫃,半導體業,ESVUFR,
6512,啟發電,TW0006512007,2016/3/25,上櫃,其他電子業,ESVUFR,
6516,勤崴國際,TW0006516008,2019/5/6,上櫃,資訊服務業,ESVUFR,
6517,保勝光學,TW0006517006,2022/12/15,上櫃,光電業,ESVUFR,
6523,達爾膚,TW0006523004,2016/6/16,上櫃,生技醫療業,ESVUFR,
6527,明達醫,TW0006527005,2019/12/25,上櫃,生技醫療業,ESVUFR,
6530,創威,TW0006530009,2018/1/23,上櫃,通信網路業,ESVUFR,
6532,瑞耘,TW0006532005,2016/9/26,上櫃,半導體業,ESVUFR,
6535,順藥,TW0006535008,2016/9/26,上櫃,生技醫療業,ESVUFR,
6538,倉和,TW0006538002,2016/10/21,上櫃,電子零組件業,ESVUFR,
6542,隆中,TW0006542004,2016/9/8,上櫃,文化創意業,ESVUFR,
6546,正基,TW0006546005,2022/5/24,上櫃,通信網路業,ESVUFR,
6547,高端疫苗,TW0006547003,2018/4/17,上櫃,生技醫療業,ESVUFR,
6548,長科*,TW0006548001,2016/9/13,上櫃,半導體業,ESVUFR,
6556,勝品,TW0006556004,2017/10/31,上櫃,光電業,ESVUFR,
6560,欣普羅,TW0006560006,2017/1/24,上櫃,光電業,ESVUFR,
6561,是方,TW0006561004,2018/6/5,上櫃,通信網路業,ESVUFR,
6568,宏觀,TW0006568009,2016/12/28,上櫃,半導體業,ESVUFR,
6569,醫揚,TW0006569007,2016/12/21,上櫃,生技醫療業,ESVUFR,
6570,維田,TW0006570005,2017/12/11,上櫃,電腦及週邊設備業,ESVUFR,
6574,霈方,TW0006574007,2017/9/4,上櫃,生技醫療業,ESVUFR,
6576,逸達,TW0006576002,2018/6/29,上櫃,生技醫療業,ESVUFR,
6577,勁豐,TW0006577000,2017/3/21,上櫃,電腦及週邊設備業,ESVUFR,
6578,達邦蛋白,TW0006578008,2018/9/18,上櫃,農業科技業,ESVUFR,
6584,南俊國際,TW0006584006,2023/5/18,上櫃,電子零組件業,ESVUFR,
6588,東典光電,TW0006588007,2020/7/1,上櫃,通信網路業,ESVUFR,
6590,普鴻,TW0006590003,2018/12/24,上櫃,資訊服務業,ESVUFR,
6593,台灣銘板,TW0006593007,2017/11/3,上櫃,資訊服務業,ESVUFR,
6596,寬宏藝術,TW0006596000,2018/1/4,上櫃,文化創意業,ESVUFR,
6597,立誠,TW0006597008,2025/5/8,上櫃,電子零組件業,ESVUFR,
6603,富強鑫,TW0006603004,2004/4/5,上櫃,電機機械,ESVUFR,
6609,瀧澤科,TW0006609001,2003/9/23,上櫃,電機機械,ESVUFR,
6612,奈米醫材,TW0006612005,2018/7/18,上櫃,生技醫療業,ESVUFR,
6613,朋億*,TW0006613003,2017/12/28,上櫃,其他電子業,ESVUFR,
6615,慧智,TW0006615008,2018/1/22,上櫃,生技醫療業,ESVUFR,
6616,特昇-KY,KYG870931030,2018/1/10,上櫃,居家生活,ESVUFR,
6617,共信-KY,KYG409471060,2024/6/18,上櫃,生技醫療業,ESVUFR,
6624,萬年清,TW0006624000,2019/5/28,上櫃,綠能環保,ESVUFR,
6629,泰金-KY,KYG877791072,2019/6/6,上櫃,居家生活,ESVUFR,
6637,醫影,TW0006637002,2024/6/18,上櫃,生技醫療業,ESVUFR,
6640,均華,TW0006640006,2018/10/23,上櫃,半導體業,ESVUFR,
6642,富致,TW0006642002,2019/9/23,上櫃,電子零組件業,ESVUFR,
6643,M31,TW0006643000,2019/1/23,上櫃,半導體業,ESVUFR,
6649,台生材,TW0006649007,2019/6/5,上櫃,生技醫療業,ESVUFR,
6651,全宇昕,TW0006651003,2021/2/1,上櫃,半導體業,ESVUFR,
6654,天正國際,TW0006654007,2018/10/23,上櫃,其他電子業,ESVUFR,
6661,威健生技,TW0006661002,2021/1/27,上櫃,生技醫療業,ESVUFR,
6662,樂斯科,TW0006662000,2019/3/26,上櫃,生技醫療業,ESVUFR,
6664,群翊,TW0006664006,2018/9/12,上櫃,電子零組件業,ESVUFR,
6667,信紘科,TW0006667009,2018/11/13,上櫃,其他電子業,ESVUFR,
6679,鈺太,TW0006679004,2019/5/9,上櫃,半導體業,ESVUFR,
6680,鑫創電子,TW0006680002,2019/9/16,上櫃,電腦及週邊設備業,ESVUFR,
6683,雍智科技,TW0006683006,2019/4/23,上櫃,半導體業,ESVUFR,
6684,安格,TW0006684004,2021/8/11,上櫃,半導體業,ESVUFR,
6690,安硌穈T,TW0006690001,2019/10/30,上櫃,數位雲端,ESVUFR,
6692,進能服,TW0006692007,2024/2/2,上櫃,綠能環保,ESVUFR,
6693,廣閎科,TW0006693005,2022/3/1,上櫃,半導體業,ESVUFR,
6697,東捷資訊,TW0006697006,2019/12/26,上櫃,資訊服務業,ESVUFR,
6703,軒郁,TW0006703002,2020/10/20,上櫃,生技醫療業,ESVUFR,
6708,天擎,TW0006708001,2022/12/29,上櫃,半導體業,ESVUFR,
6712,長聖,TW0006712003,2021/1/8,上櫃,生技醫療業,ESVUFR,
6716,應廣,TW0006716004,2020/3/27,上櫃,半導體業,ESVUFR,
6720,久昌,TW0006720006,2024/12/4,上櫃,半導體業,ESVUFR,
6721,信實,TW0006721004,2022/4/29,上櫃,其他業,ESVUFR,
6727,亞泰金屬,TW0006727001,2020/12/1,上櫃,電子零組件業,ESVUFR,
6728,上洋,TW0006728009,2020/12/25,上櫃,居家生活,ESVUFR,
6732,昇佳電子,TW0006732001,2020/6/8,上櫃,半導體業,ESVUFR,
6733,博晟生醫,TW0006733009,2021/1/28,上櫃,生技醫療業,ESVUFR,
6735,美達科技,TW0006735004,2022/4/29,上櫃,其他電子業,ESVUFR,
6739,竹陞科技,TW0006739006,2024/9/2,上櫃,其他電子業,ESVUFR,
6741,91APP*-KY,KYG6525T1022,2021/5/25,上櫃,數位雲端,ESVUFR,
6747,亨泰光,TW0006747009,2021/1/19,上櫃,生技醫療業,ESVUFR,
6751,智聯服務,TW0006751001,2020/12/25,上櫃,資訊服務業,ESVUFR,
6752,叡揚,TW0006752009,2020/12/10,上櫃,資訊服務業,ESVUFR,
6761,穩得,TW0006761000,2021/11/8,上櫃,電子零組件業,ESVUFR,
6762,達亞,TW0006762008,2020/12/18,上櫃,生技醫療業,ESVUFR,
6763,綠界科技*,TW0006763006,2022/3/15,上櫃,數位雲端,ESVUFR,
6767,台微醫,TW0006767007,2021/1/25,上櫃,生技醫療業,ESVUFR,
6785,昱展新藥,TW0006785009,2024/1/24,上櫃,生技醫療業,ESVUFR,
6788,華景電,TW0006788003,2021/9/29,上櫃,半導體業,ESVUFR,
6791,虎門科技,TW0006791007,2022/11/14,上櫃,資訊服務業,ESVUFR,
6803,崑鼎,TW0006803000,2010/5/27,上櫃,綠能環保,ESVUFR,
6804,明係,TW0006804008,2022/3/31,上櫃,運動休閒,ESVUFR,
6811,宏硌穈T,TW0006811003,2022/8/9,上櫃,數位雲端,ESVUFR,
6821,聯寶,TW0006821002,2023/5/22,上櫃,電子零組件業,ESVUFR,
6823,濾能,TW0006823008,2022/6/30,上櫃,半導體業,ESVUFR,
6829,千附精密,TW0006829005,2022/3/11,上櫃,半導體業,ESVUFR,
6840,東研信超,TW0006840002,2023/3/24,上櫃,其他電子業,ESVUFR,
6841,長佳智能,TW0006841000,2023/3/1,上櫃,生技醫療業,ESVUFR,
6843,進典,TW0006843006,2022/11/21,上櫃,電機機械,ESVUFR,
6844,諾貝兒,TW0006844004,2024/3/8,上櫃,生技醫療業,ESVUFR,
6846,綠茵,TW0006846009,2023/5/15,上櫃,食品工業,ESVUFR,
6855,數泓科,TW0006855000,2022/10/6,上櫃,其他電子業,ESVUFR,
6856,鑫傳,TW0006856008,2023/10/27,上櫃,文化創意業,ESVUFR,
6859,伯特光,TW0006859002,2022/11/28,上櫃,光電業,ESVUFR,
6865,偉康科技,TW0006865009,2023/1/11,上櫃,數位雲端,ESVUFR,
6870,騰雲,TW0006870009,2023/9/14,上櫃,數位雲端,ESVUFR,
6872,浩宇生醫,TW0006872005,2025/3/7,上櫃,生技醫療業,ESVUFR,
6874,倍力,TW0006874001,2022/12/14,上櫃,資訊服務業,ESVUFR,
6875,國邑*,TW0006875008,2024/3/26,上櫃,生技醫療業,ESVUFR,
6877,鏵友益,TW0006877004,2023/6/16,上櫃,其他電子業,ESVUFR,
6881,潤德,TW0006881006,2024/5/21,上櫃,其他業,ESVUFR,
6894,衛司特,TW0006894009,2023/11/29,上櫃,綠能環保,ESVUFR,
6895,宏碩系統,TW0006895006,2023/8/22,上櫃,半導體業,ESVUFR,
6899,創為精密,TW0006899008,2024/4/8,上櫃,光電業,ESVUFR,
6903,巨漢,TW0006903008,2024/6/12,上櫃,其他電子業,ESVUFR,
6904,伯鑫,TW0006904006,2023/12/5,上櫃,其他業,ESVUFR,
6913,鴻呈,TW0006913007,2024/10/1,上櫃,電子零組件業,ESVUFR,
6922,宸曜,TW0006922008,2023/11/9,上櫃,電腦及週邊設備業,ESVUFR,
6925,意藍,TW0006925001,2025/5/28,上櫃,數位雲端,ESVUFR,
6929,佑全,TW0006929003,2024/3/28,上櫃,生技醫療業,ESVUFR,
6953,家碩,TW0006953003,2024/5/13,上櫃,半導體業,ESVUFR,
6967,汎瑋材料,TW0006967003,2024/9/25,上櫃,電子零組件業,ESVUFR,
6968,萬達寵物,TW0006968001,2024/8/14,上櫃,居家生活,ESVUFR,
6971,惠民實業,TW0006971005,2025/10/2,上櫃,綠能環保,ESVUFR,
6982,大井泵浦,TW0006982002,2024/12/18,上櫃,電機機械,ESVUFR,
6996,力領科技,TW0006996002,2024/12/10,上櫃,半導體業,ESVUFR,
6997,博弘,TW0006997000,2024/12/16,上櫃,數位雲端,ESVUFR,
7402,邑錡,TW0007402000,2015/12/29,上櫃,光電業,ESVUFR,
7547,碩網,TW0007547B12,2025/7/29,上櫃,數位雲端,ESVUFR,
7556,意德士,TW0007556B10,2020/10/30,上櫃,半導體業,ESVUFR,
7584,樂意,TW0007584B16,2024/7/25,上櫃,文化創意業,ESVUFR,
7642,昶瑞機電,TW0007642B16,2025/5/22,上櫃,電機機械,ESVUFR,
7703,銳澤,TW0007703001,2024/11/13,上櫃,其他電子業,ESVUFR,
7704,明遠精密,TW0007704009,2024/12/16,上櫃,半導體業,ESVUFR,
7708,全家餐飲,TW0007708000,2024/11/15,上櫃,觀光餐旅,ESVUFR,
7709,榮田,TW0007709008,2025/2/25,上櫃,電機機械,ESVUFR,
7712,博盛半導體,TW0007712002,2024/12/26,上櫃,半導體業,ESVUFR,
7713,威力德生醫,TW0007713000,2025/2/24,上櫃,生技醫療業,ESVUFR,
7714,創泓科技,TW0007714008,2025/1/15,上櫃,數位雲端,ESVUFR,
7715,裕山,TW0007715005,2025/1/15,上櫃,綠能環保,ESVUFR,
7718,友鋮,TW0007718009,2025/3/18,上櫃,鋼鐵工業,ESVUFR,
7723,築間,TW0007723009,2025/4/30,上櫃,觀光餐旅,ESVUFR,
7728,光焱科技,TW0007728008,2025/3/6,上櫃,其他電子業,ESVUFR,
7734,印能科技,TW0007734006,2025/2/26,上櫃,半導體業,ESVUFR,
7743,金利食安,TW0007743007,2025/5/20,上櫃,食品工業,ESVUFR,
7747,昕奇雲端,TW0007747008,2025/7/11,上櫃,數位雲端,ESVUFR,
7751,竑騰,TW0007751000,2025/8/26,上櫃,半導體業,ESVUFR,
7753,星亞,TW0007753006,2025/8/11,上櫃,光電業,ESVUFR,
8024,佑華,TW0008024001,2006/9/25,上櫃,半導體業,ESVUFR,
8027,鈦昇,TW0008027004,2015/6/9,上櫃,電機機械,ESVUFR,
8032,光菱,TW0008032004,2003/10/2,上櫃,電子通路業,ESVUFR,
8034,榮群,TW0008034000,2004/5/6,上櫃,通信網路業,ESVUFR,
8038,長園科,TW0008038001,2013/11/21,上櫃,電子零組件業,ESVUFR,
8040,九暘,TW0008040007,2007/4/30,上櫃,半導體業,ESVUFR,
8042,金山電,TW0008042003,2004/3/22,上櫃,電子零組件業,ESVUFR,
8043,蜜望實,TW0008043001,2003/10/24,上櫃,電子零組件業,ESVUFR,
8044,網家,TW0008044009,2005/1/24,上櫃,數位雲端,ESVUFR,
8047,星雲,TW0008047002,2004/2/9,上櫃,其他電子業,ESVUFR,
8048,德勝,TW0008048000,2009/9/8,上櫃,通信網路業,ESVUFR,
8049,晶采,TW0008049008,2004/2/2,上櫃,光電業,ESVUFR,
8050,廣積,TW0008050006,2003/10/24,上櫃,電腦及週邊設備業,ESVUFR,
8054,安國,TW0008054008,2004/11/8,上櫃,半導體業,ESVUFR,
8059,凱碩,TW0008059007,2010/3/16,上櫃,通信網路業,ESVUFR,
8064,東捷,TW0008064007,2006/9/25,上櫃,光電業,ESVUFR,
8066,來思達,TW0008066002,2004/12/24,上櫃,居家生活,ESVUFR,
8067,志旭,TW0008067000,2004/4/23,上櫃,電子通路業,ESVUFR,
8068,全達,TW0008068008,2004/3/25,上櫃,電子通路業,ESVUFR,
8069,元太,TW0008069006,2004/3/30,上櫃,光電業,ESVUFR,
8071,能率網通,TW0008071002,2003/12/29,上櫃,電子零組件業,ESVUFR,
8074,鉅橡,TW0008074006,2004/1/27,上櫃,電子零組件業,ESVUFR,
8076,伍豐,TW0008076001,2003/12/15,上櫃,電腦及週邊設備業,ESVUFR,
8077,洛,TW0008077009,2004/12/6,上櫃,觀光餐旅,ESVUFR,
8080,泰霖,TW0008080003,2021/4/7,上櫃,建材營造業,ESVUFR,
8083,瑞穎,TW0008083007,2004/9/23,上櫃,電機機械,ESVUFR,
8084,巨虹,TW0008084005,2004/3/8,上櫃,電子通路業,ESVUFR,
8085,福華,TW0008085002,2004/3/1,上櫃,其他電子業,ESVUFR,
8086,宏捷科,TW0008086000,2009/6/1,上櫃,半導體業,ESVUFR,
8087,麗升能源,TW0008087008,2004/2/25,上櫃,綠能環保,ESVUFR,
8088,品安,TW0008088006,2004/2/27,上櫃,半導體業,ESVUFR,
8089,康全電訊,TW0008089004,2020/9/23,上櫃,通信網路業,ESVUFR,
8091,翔名,TW0008091000,2004/6/24,上櫃,半導體業,ESVUFR,
8092,建暐,TW0008092008,2004/2/2,上櫃,其他電子業,ESVUFR,
8093,保銳,TW0008093006,2004/12/31,上櫃,電子零組件業,ESVUFR,
8096,擎亞,TW0008096009,2004/7/15,上櫃,電子通路業,ESVUFR,
8097,常珵,TW0008097007,2004/3/1,上櫃,通信網路業,ESVUFR,
8099,大世科,TW0008099003,2004/3/29,上櫃,資訊服務業,ESVUFR,
8107,大億金茂,TW0008107004,2005/11/15,上櫃,電機機械,ESVUFR,
8109,博大,TW0008109000,2005/3/22,上櫃,電子零組件業,ESVUFR,
8111,立,TW0008111006,2004/2/9,上櫃,光電業,ESVUFR,
8121,越峰,TW0008121005,2005/2/17,上櫃,電子零組件業,ESVUFR,
8147,正淩,TW0008147000,2013/4/30,上櫃,電子零組件業,ESVUFR,
8155,博智,TW0008155003,2012/12/18,上櫃,電子零組件業,ESVUFR,
8171,天宇,TW0008171000,2011/12/19,上櫃,綠能環保,ESVUFR,
8176,智捷,TW0008176009,2013/6/25,上櫃,通信網路業,ESVUFR,
8182,加高,TW0008182007,2006/5/25,上櫃,電子零組件業,ESVUFR,
8183,精星,TW0008183005,2005/3/30,上櫃,其他電子業,ESVUFR,
8227,巨有科技,TW0008227000,2022/12/20,上櫃,半導體業,ESVUFR,
8234,新漢,TW0008234006,2007/6/7,上櫃,電腦及週邊設備業,ESVUFR,
8240,華宏,TW0008240003,2005/6/23,上櫃,光電業,ESVUFR,
8255,朋程,TW0008255001,2006/4/25,上櫃,電機機械,ESVUFR,
8272,全景軟體,TW0008272006,2024/10/23,上櫃,資訊服務業,ESVUFR,
8277,商丞,TW0008277005,2004/12/27,上櫃,半導體業,ESVUFR,
8279,生展,TW0008279001,2016/9/26,上櫃,生技醫療業,ESVUFR,
8284,三竹,TW0008284001,2020/5/18,上櫃,資訊服務業,ESVUFR,
8289,泰藝,TW0008289000,2008/4/24,上櫃,電子零組件業,ESVUFR,
8291,尚茂,TW0008291006,2011/11/29,上櫃,電子零組件業,ESVUFR,
8299,群聯,TW0008299009,2004/12/6,上櫃,半導體業,ESVUFR,
8342,益張,TW0008342007,2017/11/23,上櫃,其他業,ESVUFR,
8349,矬,TW0008349002,2006/3/10,上櫃,鋼鐵工業,ESVUFR,
8354,冠好,TW0008354002,2004/4/15,上櫃,其他業,ESVUFR,
8358,金居,TW0008358003,2010/9/27,上櫃,電子零組件業,ESVUFR,
8383,千附,TW0008383001,2004/9/10,上櫃,半導體業,ESVUFR,
8390,金益鼎,TW0008390006,2008/5/21,上櫃,綠能環保,ESVUFR,
8401,白紗科,TW0008401001,2010/3/29,上櫃,其他業,ESVUFR,
8403,盛弘,TW0008403007,2011/3/1,上櫃,生技醫療業,ESVUFR,
8409,商之器,TW0008409004,2013/11/25,上櫃,生技醫療業,ESVUFR,
8410,森田,TW0008410002,2011/2/23,上櫃,電腦及週邊設備業,ESVUFR,
8415,大國鋼,TW0008415001,2016/9/7,上櫃,鋼鐵工業,ESVUFR,
8416,實威,TW0008416009,2012/9/19,上櫃,資訊服務業,ESVUFR,
8421,旭源,TW0008421009,2012/11/23,上櫃,其他業,ESVUFR,
8423,保綠-KY,KYG715991074,2012/3/14,上櫃,綠能環保,ESVUFR,
8424,惠普,TW0008424003,2012/12/18,上櫃,建材營造業,ESVUFR,
8426,紅木-KY,KYG7457N1051,2011/12/13,上櫃,其他業,ESVUFR,
8431,匯鑽科,TW0008431008,2015/3/30,上櫃,其他電子業,ESVUFR,
8432,東生華,TW0008432006,2012/4/30,上櫃,生技醫療業,ESVUFR,
8433,弘帆,TW0008433004,2012/12/19,上櫃,居家生活,ESVUFR,
8435,鉅邁,TW0008435009,2012/12/28,上櫃,其他業,ESVUFR,
8436,大江,TW0008436007,2013/9/12,上櫃,生技醫療業,ESVUFR,
8437,大地-KY,KYG2615N1051,2015/5/6,上櫃,其他業,ESVUFR,
8440,綠電,TW0008440009,2018/3/28,上櫃,綠能環保,ESVUFR,
8444,綠河-KY,KYG409691006,2015/10/27,上櫃,其他業,ESVUFR,
8446,華研,TW0008446006,2013/12/19,上櫃,文化創意業,ESVUFR,
8450,霹靂,TW0008450008,2014/10/7,上櫃,文化創意業,ESVUFR,
8455,大拓-KY,KYG264101034,2016/1/8,上櫃,其他電子業,ESVUFR,
8472,夠麻吉,TW0008472002,2016/1/11,上櫃,數位雲端,ESVUFR,
8477,創業家,TW0008477001,2025/8/25,上櫃,數位雲端,ESVUFR,
8489,三貝德,TW0008489006,2017/4/27,上櫃,其他業,ESVUFR,
8905,裕國,TW0008905001,1996/1/31,上櫃,其他業,ESVUFR,
8906,花王,TW0008906009,1996/4/23,上櫃,其他業,ESVUFR,
8908,欣雄,TW0008908005,1997/2/14,上櫃,油電燃氣業,ESVUFR,
8916,光隆,TW0008916008,1999/4/20,上櫃,其他業,ESVUFR,
8917,欣泰,TW0008917006,1999/5/6,上櫃,油電燃氣業,ESVUFR,
8921,沈氏,TW0008921008,2000/3/21,上櫃,其他業,ESVUFR,
8923,時報,TW0008923004,1999/12/27,上櫃,文化創意業,ESVUFR,
8924,大田,TW0008924002,2000/2/9,上櫃,運動休閒,ESVUFR,
8927,北基,TW0008927005,2000/11/2,上櫃,油電燃氣業,ESVUFR,
8928,鉅明,TW0008928003,2001/2/2,上櫃,運動休閒,ESVUFR,
8929,富堡,TW0008929001,2000/11/30,上櫃,其他業,ESVUFR,
8930,青鋼,TW0008930009,2000/12/6,上櫃,鋼鐵工業,ESVUFR,
8931,大汽電,TW0008931007,2001/5/10,上櫃,油電燃氣業,ESVUFR,
8932,智通*,TW0008932005,2001/3/29,上櫃,其他業,ESVUFR,
8933,愛地雅,TW0008933003,2001/3/28,上櫃,運動休閒,ESVUFR,
8935,邦泰,TW0008935008,2002/3/26,上櫃,其他業,ESVUFR,
8936,國統,TW0008936006,2002/9/9,上櫃,其他業,ESVUFR,
8937,合騏,TW0008937004,2002/10/29,上櫃,其他業,ESVUFR,
8938,明安,TW0008938002,2002/12/2,上櫃,運動休閒,ESVUFR,
8941,關中,TW0008941006,2003/1/20,上櫃,居家生活,ESVUFR,
8942,森鉅,TW0008942004,2003/5/16,上櫃,其他業,ESVUFR,
9949,琉園,TW0009949008,2003/11/21,上櫃,文化創意業,ESVUFR,
9950,萬國通,TW0009950006,2004/2/17,上櫃,塑膠工業,ESVUFR,
9951,皇田,TW0009951004,2003/12/18,上櫃,電機機械,ESVUFR,
9960,邁達康,TW0009960005,2004/12/6,上櫃,運動休閒,ESVUFR,
9962,有益,TW0009962001,2006/7/10,上櫃,鋼鐵工業,ESVUFR,
